folder,file1,file2,tfidf_similarity,ast_similarity,combined_similarity,length_ratio,complexity_ratio,es_plagio,dataset,tokenize_success,ast_success
c57a973e_fa484fdd,c57a973e.java,fa484fdd.java,0.382,0.7127,0.4316,0.9347,0.75,1,conplag,True,True
44428e63_c850e422,44428e63.java,c850e422.java,0.4771,0.8162,0.528,0.6466,1.0,0,conplag,True,True
2ff0355e_83935617,2ff0355e.java,83935617.java,0.4478,0.5591,0.4645,0.6274,0.5625,0,conplag,True,True
0017d438_9852706b,0017d438.java,9852706b.java,0.4633,0.9104,0.5303,0.8854,1.0,1,conplag,True,True
bdfe8110_c57a973e,bdfe8110.java,c57a973e.java,0.3879,0.8741,0.4608,0.9205,0.75,1,conplag,True,True
c06_orig_L5v02,original.java,compared.java,0.4917,0.8575,0.6014,0.8672,1.0,1,ir_plag,True,True
c05_orig_L5v04,original.java,compared.java,0.4549,0.9625,0.6072,0.9439,1.0,1,ir_plag,True,True
5647d16e_ea09d197,5647d16e.java,ea09d197.java,0.5902,0.7573,0.6153,0.8375,0.8421,0,conplag,True,True
c07_orig_L1v06,original.java,compared.java,1.0,0.9274,0.9782,0.9647,1.0,1,ir_plag,True,True
5af25bd7_77ec956f,5af25bd7.java,77ec956f.java,0.6153,0.9612,0.6672,0.9788,1.0,1,conplag,True,True
5756162d_808f7516,5756162d.java,808f7516.java,0.4469,0.7194,0.4878,1.0,0.8333,0,conplag,True,True
c04_orig_np06,original.java,compared.java,0.3142,0.8833,0.4849,0.8684,1.0,0,ir_plag,True,True
c02_orig_L4v03,original.java,compared.java,0.5405,0.6217,0.5648,0.8403,1.0,1,ir_plag,True,True
6bcc5afd_f6ca6fc8,6bcc5afd.java,f6ca6fc8.java,0.923,0.985,0.9323,0.9815,1.0,1,conplag,True,True
c1fef98f_fadc1365,c1fef98f.java,fadc1365.java,0.3291,0.509,0.3561,0.6023,0.5,0,conplag,True,True
0ea5a836_732c98a0,0ea5a836.java,732c98a0.java,0.4496,0.6427,0.4786,0.6803,0.9167,0,conplag,True,True
c06_orig_np11,original.java,compared.java,0.9312,1.0,0.9518,0.991,1.0,0,ir_plag,True,True
0e68e463_29cf2e70,0e68e463.java,29cf2e70.java,0.4272,0.7898,0.4816,0.7494,1.0,0,conplag,True,True
28c2d81a_48c5f745,28c2d81a.java,48c5f745.java,0.3077,0.7913,0.3802,0.7954,0.75,1,conplag,True,True
1013b392_5a340556,1013b392.java,5a340556.java,0.5662,1.0,0.6313,0.9978,1.0,1,conplag,True,True
3d06b643_f6ca6fc8,3d06b643.java,f6ca6fc8.java,0.4467,0.7858,0.4976,0.7333,0.8333,1,conplag,True,True
c01_orig_L1v06,original.java,compared.java,1.0,1.0,1.0,1.0,1.0,1,ir_plag,True,True
90d0ffd0_b21c7532,90d0ffd0.java,b21c7532.java,0.3624,0.6105,0.3997,0.5821,0.625,0,conplag,True,True
086f0f90_4a570de6,086f0f90.java,4a570de6.java,0.5321,0.8883,0.5856,0.8237,1.0,0,conplag,True,True
c48673a6_ebed1250,c48673a6.java,ebed1250.java,0.3395,0.5552,0.3718,0.7028,0.5,0,conplag,True,True
c06_orig_np02,original.java,compared.java,0.9312,1.0,0.9518,0.991,1.0,0,ir_plag,True,True
c06_orig_L4v08,original.java,compared.java,0.7249,0.8875,0.7737,0.874,1.0,1,ir_plag,True,True
a3e272af_d1cd194e,a3e272af.java,d1cd194e.java,0.4572,0.6754,0.4899,0.9526,0.8571,0,conplag,True,True
1469697d_69c86b61,1469697d.java,69c86b61.java,1.0,1.0,1.0,1.0,1.0,1,conplag,True,True
c07_orig_np11,original.java,compared.java,0.6893,0.8608,0.7408,0.8962,0.75,0,ir_plag,True,True
56a90e79_b505f95e,56a90e79.java,b505f95e.java,0.5427,0.4715,0.5321,0.6648,0.7,0,conplag,True,True
c03_orig_L6v03,original.java,compared.java,0.455,0.7158,0.5333,0.8698,1.0,1,ir_plag,True,True
6f037b1d_ef1117e3,6f037b1d.java,ef1117e3.java,0.649,0.8074,0.6727,0.9687,0.7368,0,conplag,True,True
c06_orig_L1v02,original.java,compared.java,1.0,1.0,1.0,1.0,1.0,1,ir_plag,True,True
16857116_f3d7ce08,16857116.java,f3d7ce08.java,0.9717,0.9083,0.9622,0.9233,0.8333,1,conplag,True,True
0951d079_b2bae06a,0951d079.java,b2bae06a.java,0.451,0.7866,0.5013,0.9202,0.8889,0,conplag,True,True
c07_orig_L6v02,original.java,compared.java,0.4636,0.7257,0.5422,0.7961,1.0,1,ir_plag,True,True
c01_orig_np09,original.java,compared.java,0.4624,0.6725,0.5255,0.6774,0.5,0,ir_plag,True,True
c03_orig_L6v01,original.java,compared.java,0.4316,0.8059,0.5439,0.745,1.0,1,ir_plag,True,True
12c1cc56_c06c758d,12c1cc56.java,c06c758d.java,1.0,1.0,1.0,1.0,1.0,1,conplag,True,True
ae716b8f_f1a42a42,ae716b8f.java,f1a42a42.java,0.4096,0.7368,0.4587,0.9526,0.7222,0,conplag,True,True
c03_orig_np10,original.java,compared.java,0.9233,1.0,0.9463,0.959,1.0,0,ir_plag,True,True
1be078c4_bb0949b3,1be078c4.java,bb0949b3.java,0.3215,0.8919,0.4071,0.9186,0.875,0,conplag,True,True
4e9c4bf9_f9e08a46,4e9c4bf9.java,f9e08a46.java,0.5901,0.7367,0.6121,0.9104,0.8571,0,conplag,True,True
c07_orig_L1v08,original.java,compared.java,1.0,0.9274,0.9782,0.9647,1.0,1,ir_plag,True,True
cc9230d3_ec558d69,cc9230d3.java,ec558d69.java,0.4513,0.8966,0.5181,0.9505,0.8571,1,conplag,True,True
c02_orig_L6v01,original.java,compared.java,0.5129,0.6524,0.5548,0.5917,0.5,1,ir_plag,True,True
c02_orig_L5v02,original.java,compared.java,0.5033,0.7729,0.5842,0.6536,1.0,1,ir_plag,True,True
99ccaa44_e7a997b5,99ccaa44.java,e7a997b5.java,0.5204,0.7139,0.5494,0.8051,0.9231,0,conplag,True,True
29d865c3_5cfa2861,29d865c3.java,5cfa2861.java,0.2461,0.46,0.2781,0.5481,0.3333,0,conplag,True,True
3b5cec19_8f31b279,3b5cec19.java,8f31b279.java,0.5025,1.0,0.5771,0.8841,1.0,1,conplag,True,True
3d06b643_6bcc5afd,3d06b643.java,6bcc5afd.java,0.4456,0.7958,0.4982,0.7471,0.8333,1,conplag,True,True
c05_orig_L4v09,original.java,compared.java,0.5394,0.8567,0.6346,0.8972,1.0,1,ir_plag,True,True
c03_orig_L6v06,original.java,compared.java,0.5684,0.7825,0.6327,0.7571,1.0,1,ir_plag,True,True
2fdcf0ad_d20e861b,2fdcf0ad.java,d20e861b.java,0.452,0.628,0.4784,0.7719,0.7273,0,conplag,True,True
8e990c75_96b3758b,8e990c75.java,96b3758b.java,0.4232,0.6914,0.4634,0.9898,0.7273,0,conplag,True,True
c07_orig_L5v07,original.java,compared.java,0.7862,0.8042,0.7916,0.939,1.0,1,ir_plag,True,True
1097b326_a60fba84,1097b326.java,a60fba84.java,0.5674,0.7437,0.5938,0.7316,0.8333,0,conplag,True,True
392218ef_f0ede32a,392218ef.java,f0ede32a.java,0.3555,0.7502,0.4147,0.7051,0.75,0,conplag,True,True
c04_orig_L5v01,original.java,compared.java,0.6331,0.8875,0.7094,0.7416,1.0,1,ir_plag,True,True
c04_orig_L3v01,original.java,compared.java,0.5984,0.95,0.7039,0.9429,1.0,1,ir_plag,True,True
c04_orig_L6v08,original.java,compared.java,0.6081,0.7967,0.6647,0.6226,1.0,1,ir_plag,True,True
31f29772_ac180326,31f29772.java,ac180326.java,0.3294,0.7288,0.3893,0.5621,0.6923,0,conplag,True,True
c03_orig_L3v06,original.java,compared.java,0.6629,0.885,0.7295,0.9122,1.0,1,ir_plag,True,True
c03_orig_L3v05,original.java,compared.java,0.6425,0.945,0.7333,0.9303,1.0,1,ir_plag,True,True
9862c742_cf27732e,9862c742.java,cf27732e.java,0.3797,0.8126,0.4447,0.74,0.8462,0,conplag,True,True
c03_orig_np07,original.java,compared.java,0.97,0.935,0.9595,0.9212,1.0,0,ir_plag,True,True
47d54299_63bfa731,47d54299.java,63bfa731.java,0.5162,0.8491,0.5661,0.9923,1.0,1,conplag,True,True
930dd1f1_f4b87cc2,930dd1f1.java,f4b87cc2.java,0.4339,0.6627,0.4682,0.7157,0.75,0,conplag,True,True
99bc7da3_b3638571,99bc7da3.java,b3638571.java,0.262,0.6242,0.3163,0.8791,0.8333,0,conplag,True,True
04ed33a5_6b83b22e,04ed33a5.java,6b83b22e.java,1.0,1.0,1.0,1.0,1.0,1,conplag,True,True
03b3c5af_d74028ea,03b3c5af.java,d74028ea.java,0.4897,0.7104,0.5228,0.9757,0.75,0,conplag,True,True
7de69858_b76bce8a,7de69858.java,b76bce8a.java,0.6011,0.7781,0.6276,0.8425,0.8889,0,conplag,True,True
e2fe9d7d_ece1820d,e2fe9d7d.java,ece1820d.java,0.4126,0.6345,0.4459,0.9225,0.6667,0,conplag,True,True
67996c4c_7bc92b7f,67996c4c.java,7bc92b7f.java,0.5031,0.6803,0.5297,0.9929,0.9,0,conplag,True,True
1dab88fb_bac616ee,1dab88fb.java,bac616ee.java,0.4601,0.8891,0.5244,0.7896,0.9167,0,conplag,True,True
c07_orig_L4v06,original.java,compared.java,0.4886,0.8125,0.5857,0.988,1.0,1,ir_plag,True,True
4138b081_f59d9b6e,4138b081.java,f59d9b6e.java,0.4452,0.8937,0.5125,0.9752,1.0,0,conplag,True,True
c03_orig_L2v02,original.java,compared.java,1.0,1.0,1.0,1.0,1.0,1,ir_plag,True,True
6e7cd58b_cfba313d,6e7cd58b.java,cfba313d.java,0.6987,0.7324,0.7038,0.7411,0.9286,1,conplag,True,True
c05_orig_L2v01,original.java,compared.java,1.0,1.0,1.0,1.0,1.0,1,ir_plag,True,True
7f42483d_c9a316ca,7f42483d.java,c9a316ca.java,0.4499,0.6244,0.4761,0.934,0.7,0,conplag,True,True
0c9d4def_d3415fc5,0c9d4def.java,d3415fc5.java,0.3132,0.6016,0.3565,0.5993,0.4,0,conplag,True,True
c05_orig_L3v04,original.java,compared.java,0.5923,1.0,0.7146,1.0,1.0,1,ir_plag,True,True
34cd5b66_d6af96bd,34cd5b66.java,d6af96bd.java,0.294,0.6016,0.3402,0.7634,0.7436,0,conplag,True,True
49e94e7e_d7a8434f,49e94e7e.java,d7a8434f.java,0.3188,0.825,0.3947,0.8645,0.75,0,conplag,True,True
0c9d4def_ef1d196b,0c9d4def.java,ef1d196b.java,0.3491,0.5217,0.375,0.5929,0.5,0,conplag,True,True
29cb9b0e_c77654b8,29cb9b0e.java,c77654b8.java,0.4491,0.7858,0.4996,0.9093,1.0,0,conplag,True,True
c01_orig_L6v03,original.java,compared.java,0.3961,0.5825,0.452,0.8871,0.5,1,ir_plag,True,True
0048a372_0adb1ee5,0048a372.java,0adb1ee5.java,0.312,0.8174,0.3878,0.828,0.8,0,conplag,True,True
ac7187d8_b7a6c59c,ac7187d8.java,b7a6c59c.java,0.4511,0.8377,0.5091,0.8942,1.0,0,conplag,True,True
6f393cfe_7a9c69d8,6f393cfe.java,7a9c69d8.java,1.0,1.0,1.0,1.0,1.0,1,conplag,True,True
24afd00e_424c930b,24afd00e.java,424c930b.java,0.4353,0.7277,0.4792,0.9846,0.6364,0,conplag,True,True
1097b326_f1f600d9,1097b326.java,f1f600d9.java,0.3437,0.8473,0.4193,0.7015,1.0,0,conplag,True,True
c02_orig_L1v05,original.java,compared.java,1.0,1.0,1.0,1.0,1.0,1,ir_plag,True,True
2e404969_597195ee,2e404969.java,597195ee.java,0.4048,0.6625,0.4434,0.9897,0.875,0,conplag,True,True
26e699de_76ad805a,26e699de.java,76ad805a.java,0.5224,0.8042,0.5647,0.945,0.8182,0,conplag,True,True
c07_orig_np12,original.java,compared.java,0.6046,0.8708,0.6845,0.9318,0.75,0,ir_plag,True,True
22dff786_624529e3,22dff786.java,624529e3.java,0.473,0.8502,0.5296,0.8731,0.8571,0,conplag,True,True
c01_orig_np08,original.java,compared.java,0.4624,0.6725,0.5255,0.6774,0.5,0,ir_plag,True,True
0df4050e_f5fde094,0df4050e.java,f5fde094.java,0.4107,0.694,0.4532,0.6193,0.6429,0,conplag,True,True
c05_orig_L6v04,original.java,compared.java,0.4719,0.7542,0.5565,0.972,1.0,1,ir_plag,True,True
3c74c140_732c98a0,3c74c140.java,732c98a0.java,0.4746,0.7995,0.5234,0.7959,0.7857,1,conplag,True,True
c03_orig_L2v06,original.java,compared.java,1.0,0.935,0.9805,0.959,1.0,1,ir_plag,True,True
80e6c4db_f22a4243,80e6c4db.java,f22a4243.java,0.3816,0.6857,0.4272,0.8031,0.8889,0,conplag,True,True
c57997b6_ff10b574,c57997b6.java,ff10b574.java,0.4233,0.7654,0.4746,0.8938,1.0,0,conplag,True,True
c01_orig_L1v03,original.java,compared.java,1.0,1.0,1.0,1.0,1.0,1,ir_plag,True,True
9c55bc1b_c9da41af,9c55bc1b.java,c9da41af.java,0.4822,0.8088,0.5312,0.933,0.8571,0,conplag,True,True
c07_orig_L6v04,original.java,compared.java,0.4496,0.675,0.5172,0.8283,1.0,1,ir_plag,True,True
53551ea0_6be98ece,53551ea0.java,6be98ece.java,0.3806,0.9149,0.4608,0.9666,1.0,0,conplag,True,True
0ea5a836_3c74c140,0ea5a836.java,3c74c140.java,0.4178,0.5508,0.4378,0.5415,0.8571,0,conplag,True,True
cdb801a1_dcdaf666,cdb801a1.java,dcdaf666.java,0.4736,0.7744,0.5187,0.9245,0.625,0,conplag,True,True
4ea10951_66e74577,4ea10951.java,66e74577.java,0.3883,0.7752,0.4464,0.7636,0.9333,0,conplag,True,True
00af3420_86102d81,00af3420.java,86102d81.java,0.4931,0.8786,0.5509,0.9335,1.0,0,conplag,True,True
4499e3b9_cbbbed5f,4499e3b9.java,cbbbed5f.java,0.3844,0.8186,0.4496,0.9555,0.875,0,conplag,True,True
6f393cfe_d3a0b8d2,6f393cfe.java,d3a0b8d2.java,0.5161,0.7891,0.5571,0.8403,0.8,0,conplag,True,True
4fb09c5f_c57a973e,4fb09c5f.java,c57a973e.java,0.2399,0.5598,0.2879,0.565,0.6154,0,conplag,True,True
0b04b41e_4da08761,0b04b41e.java,4da08761.java,0.4205,0.7762,0.4738,0.7179,0.8,0,conplag,True,True
3cbcb1cc_6045e5d1,3cbcb1cc.java,6045e5d1.java,1.0,1.0,1.0,1.0,1.0,1,conplag,True,True
36f1b52a_558df7d4,36f1b52a.java,558df7d4.java,0.5035,0.8321,0.5528,0.9604,0.9,1,conplag,True,True
a8f7c8b7_f229aa7f,a8f7c8b7.java,f229aa7f.java,0.3229,0.6601,0.3735,0.9441,0.75,0,conplag,True,True
3c667d4f_a7894e0b,3c667d4f.java,a7894e0b.java,0.2988,0.9111,0.3906,0.9968,0.875,1,conplag,True,True
c06_orig_np07,original.java,compared.java,0.8812,0.97,0.9078,0.9652,1.0,0,ir_plag,True,True
4f7af821_8f6421f3,4f7af821.java,8f6421f3.java,0.2764,0.8974,0.3695,0.9587,0.75,1,conplag,True,True
41e69083_54eb1a6b,41e69083.java,54eb1a6b.java,1.0,1.0,1.0,1.0,1.0,1,conplag,True,True
a368f345_e5d02e93,a368f345.java,e5d02e93.java,0.3861,0.652,0.426,0.7174,0.6429,0,conplag,True,True
ee270b2a_fc80cbe0,ee270b2a.java,fc80cbe0.java,0.2566,0.5433,0.2996,0.6282,0.6429,0,conplag,True,True
c04_orig_np10,original.java,compared.java,0.8434,0.9083,0.8629,0.8636,1.0,0,ir_plag,True,True
04ed33a5_0c173033,04ed33a5.java,0c173033.java,0.4576,0.904,0.5246,0.8031,1.0,1,conplag,True,True
05f939b3_e647bef7,05f939b3.java,e647bef7.java,0.5248,0.6125,0.538,0.7832,0.5833,0,conplag,True,True
0ecf356d_b2bae06a,0ecf356d.java,b2bae06a.java,0.4901,0.8009,0.5367,0.9804,0.8889,0,conplag,True,True
f229aa7f_fcc7e8fa,f229aa7f.java,fcc7e8fa.java,0.4235,0.7553,0.4733,0.7397,1.0,0,conplag,True,True
8aadde13_fb20d298,8aadde13.java,fb20d298.java,0.2847,0.8545,0.3702,0.7444,0.875,1,conplag,True,True
e431de28_eb6cfca7,e431de28.java,eb6cfca7.java,0.2859,0.9566,0.3865,0.7066,1.0,0,conplag,True,True
12c1cc56_7b71234c,12c1cc56.java,7b71234c.java,1.0,1.0,1.0,1.0,1.0,1,conplag,True,True
c02_orig_L4v04,original.java,compared.java,0.4946,0.8479,0.6006,0.7576,1.0,1,ir_plag,True,True
c04_orig_L6v04,original.java,compared.java,0.4758,0.63,0.5221,0.7952,1.0,1,ir_plag,True,True
01b911ac_a195911e,01b911ac.java,a195911e.java,0.3632,0.6676,0.4088,0.9199,0.7143,0,conplag,True,True
175201f9_9399204d,175201f9.java,9399204d.java,0.4582,0.6929,0.4934,0.8886,0.8889,0,conplag,True,True
c06_orig_L3v04,original.java,compared.java,0.5794,0.8625,0.6643,0.9407,1.0,1,ir_plag,True,True
43b85d63_a37923d1,43b85d63.java,a37923d1.java,0.306,0.7455,0.3719,0.5267,0.9,0,conplag,True,True
ba8800f5_d8e4eb5e,ba8800f5.java,d8e4eb5e.java,0.469,0.6678,0.4988,0.8695,0.7,0,conplag,True,True
c03_orig_L3v08,original.java,compared.java,0.6153,0.885,0.6962,0.9122,1.0,1,ir_plag,True,True
4f7af821_f870e76b,4f7af821.java,f870e76b.java,0.2213,0.894,0.3222,0.7127,1.0,0,conplag,True,True
597195ee_5f3a196a,597195ee.java,5f3a196a.java,0.4547,0.8966,0.521,0.8362,1.0,1,conplag,True,True
1d43139f_fdd41565,1d43139f.java,fdd41565.java,0.5168,0.8256,0.5631,0.974,0.9,0,conplag,True,True
d6fb3b9e_f7a0ea6d,d6fb3b9e.java,f7a0ea6d.java,0.5711,0.728,0.5947,0.9701,0.875,0,conplag,True,True
d1cd194e_dbffab11,d1cd194e.java,dbffab11.java,0.4373,0.7281,0.4809,0.9745,0.8571,0,conplag,True,True
c02_orig_L4v06,original.java,compared.java,0.5721,0.7661,0.6303,0.7042,1.0,1,ir_plag,True,True
1ea771ea_2f8c3bf3,1ea771ea.java,2f8c3bf3.java,0.3339,0.8086,0.4051,0.8706,0.875,0,conplag,True,True
7814575b_8cfe3ee0,7814575b.java,8cfe3ee0.java,0.4025,0.59,0.4306,0.8879,0.5714,0,conplag,True,True
1071f735_cd835290,1071f735.java,cd835290.java,0.2129,0.8223,0.3043,0.6536,0.8333,1,conplag,True,True
38b356b7_c77654b8,38b356b7.java,c77654b8.java,0.4472,0.68,0.4822,0.7234,0.8889,0,conplag,True,True
67996c4c_9028caf7,67996c4c.java,9028caf7.java,0.3795,0.666,0.4225,0.9214,0.9,0,conplag,True,True
00af3420_f4d6d28d,00af3420.java,f4d6d28d.java,0.4777,0.6665,0.5061,0.6597,0.8182,0,conplag,True,True
a3e272af_f7fc2e94,a3e272af.java,f7fc2e94.java,0.4119,0.5853,0.4379,0.8778,0.8571,0,conplag,True,True
7686c854_abd16ff0,7686c854.java,abd16ff0.java,0.4401,0.978,0.5207,0.7527,1.0,1,conplag,True,True
2a35cd81_464ad4dd,2a35cd81.java,464ad4dd.java,0.4585,0.6921,0.4935,0.9825,0.7857,0,conplag,True,True
3ff60986_d0b4b96c,3ff60986.java,d0b4b96c.java,1.0,1.0,1.0,1.0,1.0,1,conplag,True,True
c07_orig_L4v05,original.java,compared.java,0.4461,0.8692,0.573,0.8497,0.8,1,ir_plag,True,True
d23b398c_e14d1ba0,d23b398c.java,e14d1ba0.java,0.355,0.9236,0.4403,0.8452,1.0,1,conplag,True,True
6db218a2_90b71536,6db218a2.java,90b71536.java,1.0,1.0,1.0,1.0,1.0,1,conplag,True,True
487c9f62_54488276,487c9f62.java,54488276.java,0.5565,0.6522,0.5708,0.783,0.8889,0,conplag,True,True
5bf01190_79b9b897,5bf01190.java,79b9b897.java,0.3785,0.6004,0.4118,0.8898,0.8571,0,conplag,True,True
54e71b9b_fd16f5b0,54e71b9b.java,fd16f5b0.java,0.3889,0.7818,0.4478,0.6275,0.9,0,conplag,True,True
d8a171a3_f229aa7f,d8a171a3.java,f229aa7f.java,0.4509,0.7137,0.4903,0.9258,0.75,0,conplag,True,True
722e318f_ff1fc018,722e318f.java,ff1fc018.java,0.2677,0.8448,0.3542,0.8458,0.8,0,conplag,True,True
c06_orig_np09,original.java,compared.java,0.9018,1.0,0.9313,1.0,1.0,0,ir_plag,True,True
c05_orig_L6v01,original.java,compared.java,0.5422,0.7309,0.5988,0.9813,0.6667,1,ir_plag,True,True
c07_orig_L2v03,original.java,compared.java,0.9348,0.9417,0.9369,0.9762,1.0,1,ir_plag,True,True
810cf242_968c1e7e,810cf242.java,968c1e7e.java,0.2631,0.5344,0.3038,0.3292,0.4,0,conplag,True,True
161b4a40_49e94e7e,161b4a40.java,49e94e7e.java,0.3498,0.6706,0.398,0.8284,0.8182,0,conplag,True,True
141effef_6653a758,141effef.java,6653a758.java,0.4235,0.5207,0.4381,0.9083,0.7143,0,conplag,True,True
c01_orig_L5v04,original.java,compared.java,0.5223,0.8917,0.6331,0.8378,1.0,1,ir_plag,True,True
b185d034_ccc8ef27,b185d034.java,ccc8ef27.java,0.6257,0.679,0.6337,0.9384,0.7,0,conplag,True,True
c02_orig_L5v06,original.java,compared.java,0.5721,0.7661,0.6303,0.7042,1.0,1,ir_plag,True,True
3412b353_528a6162,3412b353.java,528a6162.java,1.0,1.0,1.0,1.0,1.0,1,conplag,True,True
c02_orig_L4v08,original.java,compared.java,0.5588,0.8033,0.6321,0.7299,1.0,1,ir_plag,True,True
c02_orig_np05,original.java,compared.java,0.5525,0.9585,0.6743,0.7092,1.0,0,ir_plag,True,True
3afcc566_d8a171a3,3afcc566.java,d8a171a3.java,0.3852,0.6989,0.4322,0.8052,0.9167,0,conplag,True,True
c04_orig_L4v04,original.java,compared.java,0.4934,0.7275,0.5637,0.8354,1.0,1,ir_plag,True,True
2eb89317_d4a3869e,2eb89317.java,d4a3869e.java,0.386,0.7641,0.4427,0.6853,0.75,0,conplag,True,True
127af3a7_99ccaa44,127af3a7.java,99ccaa44.java,0.4033,0.6869,0.4458,0.7069,0.9167,0,conplag,True,True
bd3051e3_e2e37533,bd3051e3.java,e2e37533.java,1.0,1.0,1.0,1.0,1.0,1,conplag,True,True
1dab88fb_99ccaa44,1dab88fb.java,99ccaa44.java,0.4762,0.6792,0.5067,0.7085,0.9167,0,conplag,True,True
c06_orig_L4v01,original.java,compared.java,0.5595,0.8875,0.6579,0.8473,1.0,1,ir_plag,True,True
403e3270_58d18fca,403e3270.java,58d18fca.java,0.4653,0.9229,0.534,0.9118,1.0,1,conplag,True,True
2eb89317_fcc7e8fa,2eb89317.java,fcc7e8fa.java,0.3228,0.5102,0.3509,0.5427,0.45,0,conplag,True,True
49b94994_f0d91796,49b94994.java,f0d91796.java,0.2886,0.7383,0.3561,0.7288,1.0,0,conplag,True,True
c06_orig_np04,original.java,compared.java,0.804,1.0,0.8628,0.9569,1.0,0,ir_plag,True,True
c01_orig_np12,original.java,compared.java,0.4624,0.6725,0.5255,0.6774,0.5,0,ir_plag,True,True
1a6f8b20_f6ed6826,1a6f8b20.java,f6ed6826.java,0.5332,0.8607,0.5823,0.9811,1.0,0,conplag,True,True
c05_orig_L4v07,original.java,compared.java,0.5586,0.865,0.6505,0.8785,1.0,1,ir_plag,True,True
680ba922_6d7d5dd7,680ba922.java,6d7d5dd7.java,0.4016,0.6037,0.4319,0.7194,0.5625,0,conplag,True,True
c01_orig_L2v04,original.java,compared.java,1.0,1.0,1.0,1.0,1.0,1,ir_plag,True,True
6018974f_bdf7bfb2,6018974f.java,bdf7bfb2.java,0.4396,0.923,0.5121,0.9209,0.9,0,conplag,True,True
2063ba3e_2ba7edb6,2063ba3e.java,2ba7edb6.java,0.464,0.9273,0.5335,0.8723,0.9,0,conplag,True,True
c01_orig_L4v03,original.java,compared.java,0.5294,0.8917,0.6381,0.8378,1.0,1,ir_plag,True,True
c02_orig_L2v08,original.java,compared.java,0.7355,1.0,0.8148,1.0,1.0,1,ir_plag,True,True
54eb12ca_949502c2,54eb12ca.java,949502c2.java,0.5025,0.6232,0.5206,0.6581,0.5714,0,conplag,True,True
c07_orig_L3v02,original.java,compared.java,0.5363,1.0,0.6754,1.0,1.0,1,ir_plag,True,True
c06_orig_L5v09,original.java,compared.java,0.9312,0.9625,0.9406,0.973,1.0,1,ir_plag,True,True
93ee4612_da5cf40b,93ee4612.java,da5cf40b.java,0.37,0.7035,0.42,0.7851,0.9167,0,conplag,True,True
c03_orig_L5v09,original.java,compared.java,0.5494,0.7923,0.6223,0.8657,1.0,1,ir_plag,True,True
b2bae06a_d4779c71,b2bae06a.java,d4779c71.java,0.4336,0.7758,0.4849,0.8806,0.6154,0,conplag,True,True
3d88acb8_b6023b26,3d88acb8.java,b6023b26.java,0.2966,0.7785,0.3689,0.7596,0.8,0,conplag,True,True
a7e7f371_f8e7b886,a7e7f371.java,f8e7b886.java,0.472,0.6019,0.4915,0.6069,0.7273,0,conplag,True,True
4a1573d6_db8d728d,4a1573d6.java,db8d728d.java,0.1777,0.4397,0.217,0.2162,0.2842,0,conplag,True,True
c05_orig_np05,original.java,compared.java,0.6927,0.96,0.7729,0.9907,1.0,0,ir_plag,True,True
c01_orig_L4v06,original.java,compared.java,0.2151,0.7417,0.3731,0.7561,1.0,1,ir_plag,True,True
034030f3_9e4ddc38,034030f3.java,9e4ddc38.java,0.3649,0.6182,0.4028,0.8861,0.9,0,conplag,True,True
d6bbd286_fabb36ff,d6bbd286.java,fabb36ff.java,0.5096,0.7134,0.5402,0.956,0.7857,0,conplag,True,True
c01_orig_L6v08,original.java,compared.java,0.4546,0.5825,0.4929,0.9194,0.5,1,ir_plag,True,True
c06_orig_L5v07,original.java,compared.java,0.7296,0.8325,0.7605,0.8538,1.0,1,ir_plag,True,True
c07_orig_np05,original.java,compared.java,0.6656,0.7295,0.6848,0.7489,0.6667,0,ir_plag,True,True
c01_orig_np14,original.java,compared.java,0.2803,0.8225,0.4429,0.7581,0.5,0,ir_plag,True,True
00f79486_ce0b2178,00f79486.java,ce0b2178.java,0.373,0.8149,0.4393,0.9409,1.0,0,conplag,True,True
8a729537_abd16ff0,8a729537.java,abd16ff0.java,0.5133,0.9556,0.5796,0.8108,1.0,1,conplag,True,True
976fe834_da54dec3,976fe834.java,da54dec3.java,0.4733,0.6364,0.4978,0.8886,0.7188,0,conplag,True,True
63bfa731_949502c2,63bfa731.java,949502c2.java,0.5098,0.8455,0.5602,0.842,0.875,1,conplag,True,True
c04_orig_L2v04,original.java,compared.java,0.5138,0.8125,0.6034,0.8462,1.0,1,ir_plag,True,True
49e94e7e_fcc7e8fa,49e94e7e.java,fcc7e8fa.java,0.4522,0.7483,0.4966,0.9923,1.0,0,conplag,True,True
c01_orig_L1v07,original.java,compared.java,1.0,1.0,1.0,1.0,1.0,1,ir_plag,True,True
3ff25f43_c287ea9d,3ff25f43.java,c287ea9d.java,0.5571,0.8368,0.5991,0.8462,1.0,0,conplag,True,True
0889dcfb_22138fad,0889dcfb.java,22138fad.java,0.4422,0.7859,0.4938,0.7557,0.8182,0,conplag,True,True
9261620f_f0881ab5,9261620f.java,f0881ab5.java,1.0,1.0,1.0,1.0,1.0,1,conplag,True,True
2eb89317_5f0a176e,2eb89317.java,5f0a176e.java,0.4102,0.7641,0.4633,0.7329,0.85,0,conplag,True,True
18e2441c_792863db,18e2441c.java,792863db.java,0.4176,0.5184,0.4327,0.6646,0.5385,0,conplag,True,True
08cf0478_9291ca83,08cf0478.java,9291ca83.java,0.4747,0.909,0.5399,0.9077,1.0,1,conplag,True,True
c05_orig_np13,original.java,compared.java,0.4719,0.9042,0.6016,0.972,1.0,0,ir_plag,True,True
c04_orig_L3v05,original.java,compared.java,0.6167,1.0,0.7317,0.9167,1.0,1,ir_plag,True,True
c02_orig_np04,original.java,compared.java,0.5751,0.9429,0.6854,0.7407,1.0,0,ir_plag,True,True
5f3a2a70_e7a997b5,5f3a2a70.java,e7a997b5.java,0.464,0.6499,0.4919,0.9049,0.7692,0,conplag,True,True
c06_orig_L6v02,original.java,compared.java,0.4917,0.8575,0.6014,0.8672,1.0,1,ir_plag,True,True
a4ec80a0_d314aa92,a4ec80a0.java,d314aa92.java,0.4962,0.6999,0.5268,0.7089,0.6364,0,conplag,True,True
d12f26f0_df594a00,d12f26f0.java,df594a00.java,0.3702,0.7555,0.428,0.8655,0.8889,0,conplag,True,True
31f29772_b728ba1d,31f29772.java,b728ba1d.java,0.4501,0.8822,0.5149,0.9736,0.8889,0,conplag,True,True
680ba922_ee4b9467,680ba922.java,ee4b9467.java,0.4547,0.6871,0.4896,0.6711,0.9,0,conplag,True,True
c04_orig_L3v09,original.java,compared.java,0.5914,1.0,0.714,1.0,1.0,1,ir_plag,True,True
584b0e9e_c9159d9c,584b0e9e.java,c9159d9c.java,0.2611,0.7926,0.3409,0.8369,0.8333,0,conplag,True,True
0c9d4def_1a6f8b20,0c9d4def.java,1a6f8b20.java,0.5198,0.8329,0.5668,0.8443,0.8,0,conplag,True,True
c01_orig_np10,original.java,compared.java,0.4624,0.6725,0.5255,0.6774,0.5,0,ir_plag,True,True
c02_orig_np10,original.java,compared.java,0.5165,0.97,0.6525,0.9804,1.0,0,ir_plag,True,True
69b2fd22_764484c3,69b2fd22.java,764484c3.java,0.4921,0.7691,0.5336,0.9017,0.9,0,conplag,True,True
0f09b843_45e41c6d,0f09b843.java,45e41c6d.java,0.4758,0.7834,0.5219,0.8556,0.8889,0,conplag,True,True
cc669e02_d88fa51c,cc669e02.java,d88fa51c.java,0.4343,0.6117,0.4609,0.883,0.6667,0,conplag,True,True
548ffb07_9ab3c0e1,548ffb07.java,9ab3c0e1.java,0.6183,0.9194,0.6635,0.8945,1.0,1,conplag,True,True
c04_orig_L4v03,original.java,compared.java,0.5009,0.6625,0.5494,0.8049,1.0,1,ir_plag,True,True
1410e423_da5cf40b,1410e423.java,da5cf40b.java,0.3422,0.75,0.4034,0.9133,0.8182,0,conplag,True,True
c03_orig_L6v04,original.java,compared.java,0.4437,0.7566,0.5376,0.7727,1.0,1,ir_plag,True,True
c04_orig_L1v05,original.java,compared.java,0.4663,1.0,0.6264,0.9167,1.0,1,ir_plag,True,True
53d782a0_5769b7b3,53d782a0.java,5769b7b3.java,0.4746,0.9688,0.5487,0.9708,1.0,1,conplag,True,True
b9595381_c4ca2ff3,b9595381.java,c4ca2ff3.java,0.5477,0.7009,0.5707,0.9016,0.7778,0,conplag,True,True
c03_orig_L4v05,original.java,compared.java,0.4845,0.7715,0.5706,0.7924,1.0,1,ir_plag,True,True
51cc7026_e81b2d16,51cc7026.java,e81b2d16.java,0.4754,0.8538,0.5321,0.989,0.8889,1,conplag,True,True
c06_orig_L6v07,original.java,compared.java,0.7198,0.8325,0.7536,0.8538,1.0,1,ir_plag,True,True
1162c08f_6bcc5afd,1162c08f.java,6bcc5afd.java,0.7396,0.9226,0.7671,0.9138,1.0,1,conplag,True,True
c05_orig_L6v07,original.java,compared.java,0.537,0.8567,0.6329,0.9159,1.0,1,ir_plag,True,True
c34bb733_ea899386,c34bb733.java,ea899386.java,0.3531,0.6724,0.401,0.5841,0.5455,0,conplag,True,True
24afd00e_279e274a,24afd00e.java,279e274a.java,0.3904,0.7026,0.4372,0.9522,0.6364,0,conplag,True,True
0588b869_69b2fd22,0588b869.java,69b2fd22.java,0.4729,0.7056,0.5078,0.8515,0.7,0,conplag,True,True
c01_orig_L6v07,original.java,compared.java,0.4132,0.5925,0.467,0.9841,0.5,1,ir_plag,True,True
1162c08f_f6ca6fc8,1162c08f.java,f6ca6fc8.java,0.7203,0.9326,0.7522,0.931,1.0,1,conplag,True,True
c04_orig_L4v06,original.java,compared.java,0.3531,0.8375,0.4984,0.75,1.0,1,ir_plag,True,True
28c2d81a_8f6421f3,28c2d81a.java,8f6421f3.java,0.362,0.9183,0.4455,0.9139,1.0,1,conplag,True,True
04ed33a5_7ea34254,04ed33a5.java,7ea34254.java,0.2953,0.8282,0.3753,0.953,1.0,0,conplag,True,True
2e1109d7_e7000ac2,2e1109d7.java,e7000ac2.java,1.0,1.0,1.0,1.0,1.0,1,conplag,True,True
69b2fd22_d221162a,69b2fd22.java,d221162a.java,0.4612,0.5881,0.4802,0.9541,0.9,0,conplag,True,True
10013f73_a8f7c8b7,10013f73.java,a8f7c8b7.java,0.3985,0.7649,0.4534,0.9079,0.75,0,conplag,True,True
04df7bb8_1ea771ea,04df7bb8.java,1ea771ea.java,0.2046,0.8852,0.3067,0.7366,1.0,1,conplag,True,True
07749c65_2bbf754b,07749c65.java,2bbf754b.java,0.3445,0.7978,0.4125,0.8886,0.8,0,conplag,True,True
c04_orig_np03,original.java,compared.java,0.8541,0.9083,0.8704,0.8636,1.0,0,ir_plag,True,True
c04_orig_L4v09,original.java,compared.java,0.9239,0.8875,0.9129,0.8462,1.0,1,ir_plag,True,True
505f8562_ed37ba7d,505f8562.java,ed37ba7d.java,0.3828,0.6264,0.4194,0.7759,0.8,0,conplag,True,True
a8f7c8b7_c1638a45,a8f7c8b7.java,c1638a45.java,0.4501,0.8725,0.5134,0.9184,0.9167,0,conplag,True,True
2e404969_d76e3b9d,2e404969.java,d76e3b9d.java,0.4216,0.8126,0.4803,0.9819,1.0,0,conplag,True,True
39098126_3bcd2014,39098126.java,3bcd2014.java,0.4284,0.8228,0.4876,0.7699,1.0,0,conplag,True,True
20166f71_a98d56f9,20166f71.java,a98d56f9.java,0.3706,0.7992,0.4349,0.9952,1.0,0,conplag,True,True
9310ad0c_f36138e7,9310ad0c.java,f36138e7.java,0.6849,0.8475,0.7093,0.8628,1.0,0,conplag,True,True
7c11511f_f3d7ce08,7c11511f.java,f3d7ce08.java,0.2906,0.7639,0.3616,0.9733,1.0,0,conplag,True,True
07038b12_a18cb2c1,07038b12.java,a18cb2c1.java,0.3206,0.7499,0.385,0.6242,1.0,0,conplag,True,True
584b0e9e_d9199dfd,584b0e9e.java,d9199dfd.java,0.3552,0.8665,0.4319,0.8136,0.9091,1,conplag,True,True
49e94e7e_da5cf40b,49e94e7e.java,da5cf40b.java,0.3317,0.7321,0.3917,0.9437,0.8182,0,conplag,True,True
3088ca9c_f6ed6826,3088ca9c.java,f6ed6826.java,0.4976,0.7227,0.5314,0.9084,0.8,0,conplag,True,True
11c2ab99_4f7af821,11c2ab99.java,4f7af821.java,0.2683,0.8343,0.3532,0.9722,0.75,1,conplag,True,True
24044589_e435b1ac,24044589.java,e435b1ac.java,0.4606,0.6014,0.4817,0.8377,0.6667,0,conplag,True,True
07a0e4dc_bac616ee,07a0e4dc.java,bac616ee.java,0.4547,0.8042,0.5071,0.8956,0.9231,0,conplag,True,True
35f0c004_8d6f1bf5,35f0c004.java,8d6f1bf5.java,0.5349,0.8107,0.5763,0.8126,0.7143,0,conplag,True,True
c03_orig_L6v08,original.java,compared.java,0.4864,0.794,0.5786,0.85,1.0,1,ir_plag,True,True
c01_orig_L1v05,original.java,compared.java,0.993,1.0,0.9951,0.9839,1.0,1,ir_plag,True,True
49b94994_558df7d4,49b94994.java,558df7d4.java,0.3054,0.7125,0.3665,0.7884,0.9,0,conplag,True,True
c07_orig_L4v09,original.java,compared.java,0.7162,0.8125,0.7451,0.9268,1.0,1,ir_plag,True,True
c01_orig_L3v02,original.java,compared.java,1.0,1.0,1.0,1.0,1.0,1,ir_plag,True,True
c02_orig_L4v09,original.java,compared.java,0.7819,0.7995,0.7872,0.7143,1.0,1,ir_plag,True,True
c01_orig_L5v03,original.java,compared.java,0.3213,0.5825,0.3997,0.8387,0.5,1,ir_plag,True,True
2da4b3fe_3d06b643,2da4b3fe.java,3d06b643.java,0.4822,0.8283,0.5341,0.8322,1.0,1,conplag,True,True
c02_orig_L1v02,original.java,compared.java,1.0,1.0,1.0,1.0,1.0,1,ir_plag,True,True
1230c43e_ce0b2178,1230c43e.java,ce0b2178.java,0.3411,0.7839,0.4075,0.8889,0.6667,0,conplag,True,True
c03_orig_L1v02,original.java,compared.java,1.0,1.0,1.0,1.0,1.0,1,ir_plag,True,True
c02_orig_L3v06,original.java,compared.java,0.5978,0.86,0.6765,0.9524,1.0,1,ir_plag,True,True
175201f9_40cc90ae,175201f9.java,40cc90ae.java,0.3946,0.6715,0.4361,0.6695,0.7273,0,conplag,True,True
4138b081_f729338f,4138b081.java,f729338f.java,0.5697,0.7737,0.6003,0.8689,1.0,0,conplag,True,True
3dd65549_c1638a45,3dd65549.java,c1638a45.java,0.4704,0.7719,0.5157,0.8912,0.7273,0,conplag,True,True
c03_orig_np01,original.java,compared.java,0.9047,0.9405,0.9154,1.0,1.0,0,ir_plag,True,True
7686c854_8a729537,7686c854.java,8a729537.java,0.4397,0.9336,0.5138,0.9283,1.0,1,conplag,True,True
5be7547e_cb032314,5be7547e.java,cb032314.java,0.5086,0.8812,0.5645,0.9354,0.9167,0,conplag,True,True
c02_orig_L6v05,original.java,compared.java,0.5028,0.6017,0.5325,0.7407,1.0,1,ir_plag,True,True
80407703_99e059b8,80407703.java,99e059b8.java,0.3852,0.8055,0.4482,0.9509,0.9167,0,conplag,True,True
15941165_3b10bd6d,15941165.java,3b10bd6d.java,0.4145,0.6579,0.451,0.692,0.75,0,conplag,True,True
51d857bc_c392efe7,51d857bc.java,c392efe7.java,0.5241,0.6058,0.5364,0.9283,0.75,0,conplag,True,True
c03_orig_L1v08,original.java,compared.java,1.0,0.935,0.9805,0.959,1.0,1,ir_plag,True,True
c05_orig_L5v06,original.java,compared.java,0.567,0.9625,0.6856,0.877,1.0,1,ir_plag,True,True
4da08761_a5d5a95f,4da08761.java,a5d5a95f.java,0.3967,0.6085,0.4285,0.6142,0.8,0,conplag,True,True
0df4050e_6f02c6d9,0df4050e.java,6f02c6d9.java,0.3964,0.8612,0.4661,0.9806,0.9,1,conplag,True,True
2b9dfed3_351c9206,2b9dfed3.java,351c9206.java,1.0,1.0,1.0,1.0,1.0,1,conplag,True,True
c03_orig_L6v09,original.java,compared.java,0.5811,0.756,0.6336,0.7924,1.0,1,ir_plag,True,True
bdfe8110_fadc1365,bdfe8110.java,fadc1365.java,0.3702,0.9308,0.4543,0.9815,1.0,1,conplag,True,True
c06_orig_L2v02,original.java,compared.java,1.0,1.0,1.0,1.0,1.0,1,ir_plag,True,True
c03_orig_L4v09,original.java,compared.java,0.5452,0.7808,0.6159,0.8311,1.0,1,ir_plag,True,True
1162c08f_a4d6775d,1162c08f.java,a4d6775d.java,0.4711,0.7412,0.5116,0.6828,0.8333,1,conplag,True,True
c04_orig_np02,original.java,compared.java,0.8224,0.825,0.8232,0.7952,0.6667,0,ir_plag,True,True
c04_orig_L5v05,original.java,compared.java,0.5324,0.8875,0.6389,0.7253,1.0,1,ir_plag,True,True
c02_orig_L5v01,original.java,compared.java,0.5213,0.8024,0.6057,0.6897,1.0,1,ir_plag,True,True
c05_orig_L3v05,original.java,compared.java,0.5266,1.0,0.6686,0.9469,1.0,1,ir_plag,True,True
722e318f_c9159d9c,722e318f.java,c9159d9c.java,0.3082,0.6048,0.3527,0.9826,0.6667,0,conplag,True,True
c04_orig_L6v05,original.java,compared.java,0.5181,0.8125,0.6064,0.8049,1.0,1,ir_plag,True,True
9028caf7_d221162a,9028caf7.java,d221162a.java,0.4612,0.5881,0.4802,0.9541,0.9,0,conplag,True,True
c05_orig_L1v09,original.java,compared.java,1.0,1.0,1.0,1.0,1.0,1,ir_plag,True,True
c03_orig_L3v03,original.java,compared.java,1.0,1.0,1.0,1.0,1.0,1,ir_plag,True,True
c03_orig_np11,original.java,compared.java,0.6015,0.9059,0.6928,0.8698,0.8,0,ir_plag,True,True
53196443_e496d229,53196443.java,e496d229.java,0.4397,0.8175,0.4964,0.9667,1.0,1,conplag,True,True
c01_orig_L6v01,original.java,compared.java,0.2862,0.5825,0.3751,0.871,0.5,1,ir_plag,True,True
44428e63_9debf95c,44428e63.java,9debf95c.java,0.2104,0.5716,0.2646,0.959,0.75,0,conplag,True,True
11d91f31_eea69e7f,11d91f31.java,eea69e7f.java,0.4211,0.8111,0.4796,0.945,0.8571,0,conplag,True,True
c01_orig_L3v04,original.java,compared.java,1.0,1.0,1.0,1.0,1.0,1,ir_plag,True,True
8a5fe3d9_ea899386,8a5fe3d9.java,ea899386.java,0.4408,0.868,0.5049,0.9372,0.8333,1,conplag,True,True
c04_orig_L6v06,original.java,compared.java,0.3499,0.8375,0.4962,0.66,1.0,1,ir_plag,True,True
c07_orig_L2v01,original.java,compared.java,0.9588,0.9274,0.9494,0.9647,1.0,1,ir_plag,True,True
c07_orig_np15,original.java,compared.java,0.8139,0.9274,0.8479,0.9762,1.0,0,ir_plag,True,True
921b6e4a_e7dce35b,921b6e4a.java,e7dce35b.java,0.6033,0.9101,0.6493,0.9935,0.9091,1,conplag,True,True
213340b3_35f0c004,213340b3.java,35f0c004.java,0.5363,0.7557,0.5692,0.983,0.9,0,conplag,True,True
c05_orig_L4v02,original.java,compared.java,0.6997,0.8,0.7298,0.856,1.0,1,ir_plag,True,True
0fd5b95a_6490bbe8,0fd5b95a.java,6490bbe8.java,0.4886,0.7068,0.5213,0.9954,1.0,0,conplag,True,True
3cf63146_bdfe8110,3cf63146.java,bdfe8110.java,0.3613,0.7969,0.4266,0.7642,1.0,0,conplag,True,True
c04_orig_L4v01,original.java,compared.java,0.4934,0.8875,0.6117,0.8148,1.0,1,ir_plag,True,True
c07_orig_L4v02,original.java,compared.java,0.5181,0.7858,0.5984,0.8913,1.0,1,ir_plag,True,True
69b2fd22_d018b49f,69b2fd22.java,d018b49f.java,0.4959,0.5577,0.5052,0.917,0.9,0,conplag,True,True
c04_orig_L1v01,original.java,compared.java,1.0,1.0,1.0,1.0,1.0,1,ir_plag,True,True
c03_orig_L1v03,original.java,compared.java,1.0,0.935,0.9805,0.959,1.0,1,ir_plag,True,True
aa8091b0_ac180326,aa8091b0.java,ac180326.java,0.2856,0.6755,0.3441,0.6452,0.6923,0,conplag,True,True
6f02c6d9_884f5678,6f02c6d9.java,884f5678.java,0.4625,0.8572,0.5217,1.0,0.9,1,conplag,True,True
c05_orig_L6v03,original.java,compared.java,0.4849,0.7275,0.5577,0.972,1.0,1,ir_plag,True,True
5dbd0a07_bdc08e6f,5dbd0a07.java,bdc08e6f.java,1.0,1.0,1.0,1.0,1.0,1,conplag,True,True
d2a4c1fb_dcdaf666,d2a4c1fb.java,dcdaf666.java,0.3911,0.7993,0.4523,0.7553,1.0,0,conplag,True,True
c04_orig_L1v03,original.java,compared.java,1.0,1.0,1.0,1.0,1.0,1,ir_plag,True,True
c02_orig_np02,original.java,compared.java,0.7442,0.93,0.7999,0.96,1.0,0,ir_plag,True,True
8d6f1bf5_e90a198b,8d6f1bf5.java,e90a198b.java,0.3681,0.6654,0.4127,0.8259,1.0,0,conplag,True,True
c01_orig_L6v09,original.java,compared.java,0.3007,0.5825,0.3852,1.0,0.5,1,ir_plag,True,True
14b0fb8e_8ddb5587,14b0fb8e.java,8ddb5587.java,0.409,0.7576,0.4613,0.9214,0.625,0,conplag,True,True
c01_orig_np04,original.java,compared.java,0.4624,0.6725,0.5255,0.6774,0.5,0,ir_plag,True,True
26ad111c_b0a01ee7,26ad111c.java,b0a01ee7.java,0.5364,0.7449,0.5676,0.8167,0.75,0,conplag,True,True
9069684f_bf85ab7b,9069684f.java,bf85ab7b.java,0.3717,0.754,0.429,0.8107,0.8,0,conplag,True,True
7bc92b7f_9028caf7,7bc92b7f.java,9028caf7.java,0.498,0.8183,0.546,0.9148,1.0,0,conplag,True,True
c03_orig_np15,original.java,compared.java,0.6418,0.85,0.7042,0.9689,1.0,0,ir_plag,True,True
701c3f35_d56bcb0c,701c3f35.java,d56bcb0c.java,0.2913,0.6903,0.3512,0.8128,0.5333,0,conplag,True,True
4212c4b9_829d2024,4212c4b9.java,829d2024.java,0.3651,0.9345,0.4506,0.7647,1.0,1,conplag,True,True
016510dc_f1540246,016510dc.java,f1540246.java,0.4478,0.714,0.4878,0.9705,0.8293,0,conplag,True,True
0b04b41e_9291ca83,0b04b41e.java,9291ca83.java,0.6231,0.8189,0.6524,0.869,1.0,1,conplag,True,True
a4e39423_ba8800f5,a4e39423.java,ba8800f5.java,0.4729,0.5982,0.4917,0.7468,0.7,0,conplag,True,True
c02_orig_np11,original.java,compared.java,0.491,0.9057,0.6154,0.7143,1.0,0,ir_plag,True,True
9debf95c_ac596a43,9debf95c.java,ac596a43.java,1.0,1.0,1.0,1.0,1.0,1,conplag,True,True
aa8091b0_eec856c0,aa8091b0.java,eec856c0.java,0.5375,0.9833,0.6044,0.9735,1.0,1,conplag,True,True
2470b521_f6ca6fc8,2470b521.java,f6ca6fc8.java,0.3024,0.6695,0.3575,0.7234,0.7143,0,conplag,True,True
c07_orig_L2v08,original.java,compared.java,0.9058,0.9274,0.9123,0.9647,1.0,1,ir_plag,True,True
04a706b1_5b7127bf,04a706b1.java,5b7127bf.java,0.4914,0.8403,0.5438,0.7525,0.9375,0,conplag,True,True
0b91922c_71a4f6d2,0b91922c.java,71a4f6d2.java,0.3245,0.5736,0.3619,0.6357,0.5556,0,conplag,True,True
065e0cbd_9b449b4f,065e0cbd.java,9b449b4f.java,0.4457,0.835,0.5041,0.8316,1.0,0,conplag,True,True
ca8f11a4_e19376ca,ca8f11a4.java,e19376ca.java,0.4187,0.6067,0.4469,0.6823,0.5882,0,conplag,True,True
c01_orig_np13,original.java,compared.java,1.0,1.0,1.0,1.0,1.0,0,ir_plag,True,True
3afcc566_90dc2b20,3afcc566.java,90dc2b20.java,0.5527,0.6926,0.5737,0.8,0.8182,0,conplag,True,True
778c91af_9399204d,778c91af.java,9399204d.java,0.479,0.843,0.5336,0.9332,1.0,0,conplag,True,True
4d279121_a3e272af,4d279121.java,a3e272af.java,0.4913,0.8286,0.5419,0.8229,0.8333,0,conplag,True,True
29210e56_4323e2bd,29210e56.java,4323e2bd.java,0.4106,0.6928,0.4529,0.7917,1.0,0,conplag,True,True
c02_orig_L5v07,original.java,compared.java,0.7678,0.7729,0.7693,0.6993,1.0,1,ir_plag,True,True
c01_orig_np07,original.java,compared.java,0.3536,0.6725,0.4493,0.7581,0.5,0,ir_plag,True,True
1a400c1b_b505f95e,1a400c1b.java,b505f95e.java,0.4965,0.7937,0.541,0.9853,0.7778,0,conplag,True,True
c05_orig_L1v04,original.java,compared.java,0.9339,0.89,0.9207,0.8598,1.0,1,ir_plag,True,True
c06_orig_L2v08,original.java,compared.java,1.0,1.0,1.0,1.0,1.0,1,ir_plag,True,True
16857116_e185bce5,16857116.java,e185bce5.java,0.6885,0.8541,0.7133,0.8568,1.0,0,conplag,True,True
6f393cfe_b185d034,6f393cfe.java,b185d034.java,0.4482,0.8331,0.506,0.9346,1.0,0,conplag,True,True
54d7c21e_ad4c7a20,54d7c21e.java,ad4c7a20.java,0.376,0.8702,0.4501,0.8242,1.0,1,conplag,True,True
c02_orig_L5v08,original.java,compared.java,0.6085,0.7711,0.6573,0.7353,1.0,1,ir_plag,True,True
c06_orig_np15,original.java,compared.java,0.7665,1.0,0.8366,0.991,1.0,0,ir_plag,True,True
c06_orig_L4v04,original.java,compared.java,0.5078,0.8167,0.6005,0.6852,1.0,1,ir_plag,True,True
00af3420_d92c5342,00af3420.java,d92c5342.java,0.4911,0.9133,0.5544,0.9433,1.0,0,conplag,True,True
9069684f_fffc11ee,9069684f.java,fffc11ee.java,0.3963,0.5895,0.4253,0.5817,0.6667,0,conplag,True,True
3850468c_403e3270,3850468c.java,403e3270.java,0.3499,0.7278,0.4066,0.8313,0.6667,0,conplag,True,True
c03_orig_L1v04,original.java,compared.java,0.9753,1.0,0.9827,0.9947,1.0,1,ir_plag,True,True
853acff9_929b98f0,853acff9.java,929b98f0.java,0.4766,0.5938,0.4942,0.7558,0.6364,0,conplag,True,True
4323e2bd_ebd8ff55,4323e2bd.java,ebd8ff55.java,0.3714,0.7474,0.4278,0.6298,0.8889,0,conplag,True,True
3368f340_a8f7c8b7,3368f340.java,a8f7c8b7.java,0.4424,0.8493,0.5034,0.8021,0.8,1,conplag,True,True
608ee4fb_be7b6026,608ee4fb.java,be7b6026.java,0.4661,0.6869,0.4992,0.9969,0.7778,0,conplag,True,True
4a570de6_6c4ac8d3,4a570de6.java,6c4ac8d3.java,0.3459,0.925,0.4328,0.8302,1.0,0,conplag,True,True
08cf0478_0f14b12d,08cf0478.java,0f14b12d.java,0.3971,0.4577,0.4062,0.4805,0.6154,0,conplag,True,True
c06_orig_L6v03,original.java,compared.java,0.7024,0.7625,0.7204,0.888,1.0,1,ir_plag,True,True
49e94e7e_f3d7ce08,49e94e7e.java,f3d7ce08.java,0.3553,0.8471,0.4291,0.8619,0.9,0,conplag,True,True
9f354c5c_a6532df9,9f354c5c.java,a6532df9.java,0.4717,0.7921,0.5198,0.9949,0.9231,0,conplag,True,True
04df7bb8_aaccc000,04df7bb8.java,aaccc000.java,0.1879,0.885,0.2924,0.6828,1.0,1,conplag,True,True
c9da41af_f59d9b6e,c9da41af.java,f59d9b6e.java,0.4437,0.8368,0.5027,0.7906,0.9167,1,conplag,True,True
4548305b_be3b1289,4548305b.java,be3b1289.java,0.3737,0.7718,0.4334,0.8929,0.875,1,conplag,True,True
c02_orig_L3v03,original.java,compared.java,0.5712,0.73,0.6189,0.9346,1.0,1,ir_plag,True,True
c01_orig_L2v03,original.java,compared.java,1.0,0.8429,0.9529,0.9688,1.0,1,ir_plag,True,True
8c591975_b6724dd9,8c591975.java,b6724dd9.java,0.2374,0.7499,0.3143,0.875,0.8,0,conplag,True,True
80881cae_a7e7f371,80881cae.java,a7e7f371.java,0.8288,0.9032,0.8399,0.9909,1.0,1,conplag,True,True
4da08761_6f393cfe,4da08761.java,6f393cfe.java,0.4623,0.7785,0.5098,0.7332,1.0,0,conplag,True,True
11373c16_d8e4eb5e,11373c16.java,d8e4eb5e.java,0.434,0.7714,0.4847,0.7853,0.7,0,conplag,True,True
c02_orig_L1v03,original.java,compared.java,1.0,1.0,1.0,1.0,1.0,1,ir_plag,True,True
c04_orig_L4v05,original.java,compared.java,0.5326,0.8875,0.6391,0.7674,1.0,1,ir_plag,True,True
26e699de_3dd65549,26e699de.java,3dd65549.java,0.4359,0.7722,0.4864,0.9547,0.7273,0,conplag,True,True
4ea10951_7c11511f,4ea10951.java,7c11511f.java,0.3376,0.6588,0.3858,0.6626,0.6667,0,conplag,True,True
22b41936_45f5632f,22b41936.java,45f5632f.java,0.4167,0.806,0.4751,0.8201,0.8,0,conplag,True,True
c01_orig_L2v01,original.java,compared.java,1.0,1.0,1.0,1.0,1.0,1,ir_plag,True,True
c01_orig_L5v05,original.java,compared.java,0.4132,0.5925,0.467,0.9841,0.5,1,ir_plag,True,True
0d4d22e0_f898cee0,0d4d22e0.java,f898cee0.java,0.308,0.6207,0.3549,0.9651,0.5161,0,conplag,True,True
22b41936_8f855b99,22b41936.java,8f855b99.java,0.5153,0.9001,0.5731,0.9408,1.0,0,conplag,True,True
550335a3_6d7d5dd7,550335a3.java,6d7d5dd7.java,0.3125,0.7344,0.3758,0.5949,0.8,0,conplag,True,True
c06_orig_L6v05,original.java,compared.java,0.4873,0.753,0.567,0.7986,1.0,1,ir_plag,True,True
60557643_948e98b6,60557643.java,948e98b6.java,0.2497,0.5924,0.3011,0.6144,0.6,0,conplag,True,True
c07_orig_L2v06,original.java,compared.java,0.9348,0.9274,0.9326,0.9647,1.0,1,ir_plag,True,True
3a12e509_6de04ee2,3a12e509.java,6de04ee2.java,0.2826,0.7101,0.3467,0.7212,0.8889,0,conplag,True,True
e1c4f3db_e81b2d16,e1c4f3db.java,e81b2d16.java,0.4617,0.9203,0.5305,0.9148,1.0,1,conplag,True,True
0fdc80c5_28c2d81a,0fdc80c5.java,28c2d81a.java,0.3418,0.8762,0.422,0.807,0.8571,1,conplag,True,True
1c8bb204_4b7646f4,1c8bb204.java,4b7646f4.java,1.0,1.0,1.0,1.0,1.0,1,conplag,True,True
1ea771ea_b9219544,1ea771ea.java,b9219544.java,0.3303,0.7647,0.3955,0.8612,0.75,0,conplag,True,True
2da4b3fe_f4b87cc2,2da4b3fe.java,f4b87cc2.java,0.3971,0.6762,0.4389,0.7084,0.6667,0,conplag,True,True
464a03b8_c9159d9c,464a03b8.java,c9159d9c.java,0.4758,0.8277,0.5286,0.8051,0.75,0,conplag,True,True
c05_orig_L3v03,original.java,compared.java,0.5478,1.0,0.6834,1.0,1.0,1,ir_plag,True,True
c03_orig_np02,original.java,compared.java,0.8442,0.8959,0.8597,0.8657,0.8,0,ir_plag,True,True
17e67976_656b62de,17e67976.java,656b62de.java,0.3704,0.6505,0.4124,0.6973,1.0,0,conplag,True,True
ba468e1f_ff34fab2,ba468e1f.java,ff34fab2.java,0.4192,0.7276,0.4655,0.8389,0.9,0,conplag,True,True
c03_orig_np05,original.java,compared.java,0.7775,0.9059,0.816,0.8657,0.8,0,ir_plag,True,True
c05_orig_np07,original.java,compared.java,0.7252,0.965,0.7971,0.9533,1.0,0,ir_plag,True,True
6255ee79_ac8ef97c,6255ee79.java,ac8ef97c.java,0.4029,0.6397,0.4384,0.8629,0.4615,0,conplag,True,True
c06_orig_L6v04,original.java,compared.java,0.4223,0.6081,0.478,0.6894,1.0,1,ir_plag,True,True
35bb6075_42fe7dd0,35bb6075.java,42fe7dd0.java,0.5631,0.8647,0.6084,0.8918,1.0,0,conplag,True,True
0f14b12d_7d12d33c,0f14b12d.java,7d12d33c.java,0.5891,0.8448,0.6275,0.7932,0.8462,1,conplag,True,True
0d11fb94_8c79c384,0d11fb94.java,8c79c384.java,0.4106,0.7257,0.4578,0.9079,0.8889,0,conplag,True,True
25597bcb_5fcbdd19,25597bcb.java,5fcbdd19.java,0.4674,0.6332,0.4922,0.7848,0.8889,0,conplag,True,True
c07_orig_L3v01,original.java,compared.java,0.5321,0.9274,0.6507,0.9647,1.0,1,ir_plag,True,True
2120328e_52cd85f2,2120328e.java,52cd85f2.java,0.5394,0.6025,0.5489,0.431,0.45,0,conplag,True,True
c07_orig_L6v05,original.java,compared.java,0.4045,0.8503,0.5383,0.8079,0.8,1,ir_plag,True,True
646b3abc_8261bd1c,646b3abc.java,8261bd1c.java,0.4973,0.5254,0.5015,0.6366,0.5,0,conplag,True,True
1adac634_ee0bc145,1adac634.java,ee0bc145.java,0.3284,0.6275,0.3733,0.7838,0.8571,0,conplag,True,True
5288afb7_df594a00,5288afb7.java,df594a00.java,0.3653,0.7161,0.4179,0.8826,0.7273,0,conplag,True,True
317a209c_9ab3c0e1,317a209c.java,9ab3c0e1.java,0.61,0.8443,0.6452,0.7905,0.9091,1,conplag,True,True
a60fba84_c695a974,a60fba84.java,c695a974.java,0.4321,0.655,0.4655,0.9382,0.8333,0,conplag,True,True
c05_orig_L3v06,original.java,compared.java,0.6257,0.9667,0.728,0.9727,1.0,1,ir_plag,True,True
29210e56_c4cdd3af,29210e56.java,c4cdd3af.java,0.4291,0.7021,0.4701,0.9448,0.8182,0,conplag,True,True
8f30bfc3_af1b152e,8f30bfc3.java,af1b152e.java,1.0,1.0,1.0,1.0,1.0,1,conplag,True,True
169e34bf_609af028,169e34bf.java,609af028.java,0.3748,0.7478,0.4308,0.9011,0.8182,0,conplag,True,True
63118334_c392efe7,63118334.java,c392efe7.java,0.4922,0.7046,0.5241,0.8379,0.8,0,conplag,True,True
161b4a40_da5cf40b,161b4a40.java,da5cf40b.java,0.3627,0.8087,0.4296,0.7818,1.0,0,conplag,True,True
c07_orig_L5v05,original.java,compared.java,0.4423,0.8549,0.5661,0.841,0.8,1,ir_plag,True,True
120878da_ac180326,120878da.java,ac180326.java,0.2738,0.7276,0.3419,0.6593,0.7692,0,conplag,True,True
0d11fb94_f9e08a46,0d11fb94.java,f9e08a46.java,0.3794,0.7066,0.4285,0.8837,0.6667,0,conplag,True,True
81fb6415_fb69b3b4,81fb6415.java,fb69b3b4.java,0.6501,0.7137,0.6596,0.7399,0.8571,0,conplag,True,True
c01_orig_np05,original.java,compared.java,0.4624,0.6725,0.5255,0.6774,0.5,0,ir_plag,True,True
c04_orig_np09,original.java,compared.java,0.8541,0.9083,0.8704,0.8636,1.0,0,ir_plag,True,True
1f257299_76b978c2,1f257299.java,76b978c2.java,0.4366,0.6499,0.4686,0.6691,0.6667,0,conplag,True,True
c07_orig_L3v08,original.java,compared.java,0.7204,0.9417,0.7868,0.9762,1.0,1,ir_plag,True,True
24b20554_43b10dec,24b20554.java,43b10dec.java,0.465,0.8799,0.5272,0.9723,1.0,1,conplag,True,True
45f46b14_7b162d33,45f46b14.java,7b162d33.java,0.4813,0.9958,0.5584,0.9827,1.0,1,conplag,True,True
b7de5c19_c022c315,b7de5c19.java,c022c315.java,0.541,0.7322,0.5697,0.9349,0.9231,0,conplag,True,True
b7de5c19_ee65f7f5,b7de5c19.java,ee65f7f5.java,0.3972,0.7349,0.4478,0.9736,1.0,0,conplag,True,True
929b98f0_bf85ab7b,929b98f0.java,bf85ab7b.java,0.3729,0.712,0.4238,0.9883,0.9091,0,conplag,True,True
c06_orig_L3v03,original.java,compared.java,1.0,1.0,1.0,1.0,1.0,1,ir_plag,True,True
c05_orig_L1v03,original.java,compared.java,1.0,1.0,1.0,1.0,1.0,1,ir_plag,True,True
c06_orig_L2v05,original.java,compared.java,0.3621,1.0,0.5535,0.8952,1.0,1,ir_plag,True,True
16857116_6e207cbf,16857116.java,6e207cbf.java,0.3676,0.7649,0.4272,0.9102,0.8333,0,conplag,True,True
28d8c381_417833c3,28d8c381.java,417833c3.java,0.2985,0.5749,0.34,0.4797,0.6667,0,conplag,True,True
1c90c367_f0801d53,1c90c367.java,f0801d53.java,0.3993,0.8153,0.4617,0.7792,0.6667,1,conplag,True,True
c01_orig_np01,original.java,compared.java,0.4624,0.6725,0.5255,0.6774,0.5,0,ir_plag,True,True
c05_orig_L4v06,original.java,compared.java,0.7411,0.8467,0.7728,0.8131,1.0,1,ir_plag,True,True
c02_orig_np08,original.java,compared.java,0.7903,0.9917,0.8507,0.9346,1.0,0,ir_plag,True,True
7d7cf9a7_e45446bc,7d7cf9a7.java,e45446bc.java,0.4068,0.6651,0.4456,0.9691,0.7143,0,conplag,True,True
c03_orig_L6v07,original.java,compared.java,0.5684,0.7998,0.6378,0.813,1.0,1,ir_plag,True,True
73f1c5f5_da0b7cb2,73f1c5f5.java,da0b7cb2.java,0.4075,0.6462,0.4433,0.9564,0.6923,0,conplag,True,True
21123500_fbd26aa0,21123500.java,fbd26aa0.java,1.0,1.0,1.0,1.0,1.0,1,conplag,True,True
1b372750_fdd41565,1b372750.java,fdd41565.java,0.3637,0.6755,0.4105,0.748,0.8182,1,conplag,True,True
4da08761_c4ca2ff3,4da08761.java,c4ca2ff3.java,0.4258,0.6795,0.4639,0.7409,0.9,1,conplag,True,True
46e9aed4_8ddb5587,46e9aed4.java,8ddb5587.java,0.4274,0.81,0.4848,0.9259,0.625,0,conplag,True,True
35eb27da_64ce7b1e,35eb27da.java,64ce7b1e.java,0.3373,0.892,0.4205,0.8796,0.875,0,conplag,True,True
884f5678_cf27732e,884f5678.java,cf27732e.java,0.4268,0.7544,0.4759,0.8431,0.6923,0,conplag,True,True
55ab9b5d_c6113c06,55ab9b5d.java,c6113c06.java,0.823,0.9543,0.8427,0.9946,1.0,1,conplag,True,True
927384f2_b2bae06a,927384f2.java,b2bae06a.java,0.5193,0.8418,0.5677,0.9146,1.0,1,conplag,True,True
c05_orig_L3v09,original.java,compared.java,0.5656,0.9667,0.6859,0.964,1.0,1,ir_plag,True,True
9028caf7_a4e39423,9028caf7.java,a4e39423.java,0.5143,0.6311,0.5318,0.8282,1.0,0,conplag,True,True
5289e80a_d82fa7e3,5289e80a.java,d82fa7e3.java,0.4087,0.7929,0.4664,0.8883,1.0,0,conplag,True,True
c06_orig_L6v06,original.java,compared.java,0.3731,0.6775,0.4644,0.5139,0.75,1,ir_plag,True,True
c03_orig_L4v08,original.java,compared.java,0.4969,0.8375,0.5991,0.8386,1.0,1,ir_plag,True,True
35bb6075_ed728769,35bb6075.java,ed728769.java,0.596,0.7786,0.6234,0.8626,0.8889,0,conplag,True,True
69b2fd22_e6b7a899,69b2fd22.java,e6b7a899.java,0.3257,0.7313,0.3865,0.9279,0.7,0,conplag,True,True
c05_orig_np11,original.java,compared.java,0.4245,0.7592,0.5249,0.5978,0.5,0,ir_plag,True,True
624b8db5_eacc407e,624b8db5.java,eacc407e.java,0.506,0.7947,0.5493,0.8175,0.9091,0,conplag,True,True
29cb9b0e_d3da65ff,29cb9b0e.java,d3da65ff.java,1.0,1.0,1.0,1.0,1.0,1,conplag,True,True
c04_orig_L5v03,original.java,compared.java,0.4805,0.6625,0.5351,0.7333,1.0,1,ir_plag,True,True
c01_orig_L3v06,original.java,compared.java,1.0,1.0,1.0,1.0,1.0,1,ir_plag,True,True
2695ce73_ac8acb97,2695ce73.java,ac8acb97.java,0.5361,0.8836,0.5883,0.7815,0.8,1,conplag,True,True
90dc2b20_f229aa7f,90dc2b20.java,f229aa7f.java,0.4528,0.7991,0.5048,0.9318,1.0,0,conplag,True,True
eea69e7f_f6ca6fc8,eea69e7f.java,f6ca6fc8.java,0.5304,0.7886,0.5691,0.8837,0.8333,0,conplag,True,True
372a4f50_e435b1ac,372a4f50.java,e435b1ac.java,0.3419,0.5883,0.3789,0.6797,0.4286,0,conplag,True,True
c05_orig_L4v03,original.java,compared.java,0.5132,0.7275,0.5775,0.8972,1.0,1,ir_plag,True,True
c06_orig_L1v04,original.java,compared.java,0.8864,1.0,0.9205,0.9487,1.0,1,ir_plag,True,True
132281e9_f415c0bf,132281e9.java,f415c0bf.java,0.6201,0.9314,0.6668,0.9718,0.8889,1,conplag,True,True
0e87b87f_6369a7a2,0e87b87f.java,6369a7a2.java,0.3846,0.6572,0.4255,0.9618,0.7857,0,conplag,True,True
c01_orig_L3v05,original.java,compared.java,0.4137,0.85,0.5446,0.9254,1.0,1,ir_plag,True,True
c06_orig_L3v06,original.java,compared.java,0.7948,0.975,0.8488,0.9823,1.0,1,ir_plag,True,True
c02_orig_L6v02,original.java,compared.java,0.5033,0.7729,0.5842,0.6536,1.0,1,ir_plag,True,True
73f57af1_ac8ef97c,73f57af1.java,ac8ef97c.java,0.3141,0.6654,0.3668,0.9038,0.6667,0,conplag,True,True
c07_orig_L6v01,original.java,compared.java,0.4982,0.84,0.6008,0.8586,1.0,1,ir_plag,True,True
7279bcb3_cfba313d,7279bcb3.java,cfba313d.java,0.3523,0.7552,0.4127,0.7214,0.9286,1,conplag,True,True
a5d5a95f_c4ca2ff3,a5d5a95f.java,c4ca2ff3.java,0.5586,0.9003,0.6098,0.829,0.8889,0,conplag,True,True
1500a4fa_d7a8434f,1500a4fa.java,d7a8434f.java,0.4678,0.8409,0.5238,0.9185,0.9231,0,conplag,True,True
2b7b2d45_a0b406e6,2b7b2d45.java,a0b406e6.java,0.4619,0.7585,0.5064,0.8425,0.8571,1,conplag,True,True
c02_orig_L5v03,original.java,compared.java,0.5405,0.6217,0.5648,0.8403,1.0,1,ir_plag,True,True
c06_orig_L5v01,original.java,compared.java,0.5033,0.8375,0.6036,0.8473,1.0,1,ir_plag,True,True
72d4d693_ad2a1ae2,72d4d693.java,ad2a1ae2.java,0.6761,0.8236,0.6982,0.8347,0.8571,0,conplag,True,True
c287ea9d_d2901569,c287ea9d.java,d2901569.java,0.4397,0.6259,0.4676,0.7094,0.7,0,conplag,True,True
c02_orig_np03,original.java,compared.java,1.0,1.0,1.0,0.9804,1.0,0,ir_plag,True,True
4e5ee0f7_d6fb3b9e,4e5ee0f7.java,d6fb3b9e.java,0.3285,0.68,0.3812,0.6823,0.7,0,conplag,True,True
1162c08f_734a94be,1162c08f.java,734a94be.java,0.5362,0.836,0.5812,0.8296,0.8333,1,conplag,True,True
0588b869_11373c16,0588b869.java,11373c16.java,0.4934,0.8271,0.5434,0.9564,1.0,0,conplag,True,True
c04_orig_L6v09,original.java,compared.java,0.4622,0.68,0.5276,0.7674,1.0,1,ir_plag,True,True
c05_orig_np09,original.java,compared.java,0.4445,0.9313,0.5905,0.8629,1.0,0,ir_plag,True,True
c73cd266_d2eb953e,c73cd266.java,d2eb953e.java,0.4718,0.8617,0.5303,0.8201,1.0,0,conplag,True,True
c04_orig_L1v07,original.java,compared.java,1.0,1.0,1.0,1.0,1.0,1,ir_plag,True,True
6bcc5afd_cb87df79,6bcc5afd.java,cb87df79.java,0.5366,0.9488,0.5984,0.9415,1.0,1,conplag,True,True
29cf2e70_2f4509a0,29cf2e70.java,2f4509a0.java,0.4318,0.8596,0.496,0.8162,1.0,1,conplag,True,True
e185bce5_f3d7ce08,e185bce5.java,f3d7ce08.java,0.6823,0.8041,0.7006,0.7911,0.8333,0,conplag,True,True
c04_orig_L1v09,original.java,compared.java,1.0,1.0,1.0,1.0,1.0,1,ir_plag,True,True
169e34bf_ba468e1f,169e34bf.java,ba468e1f.java,0.3883,0.7693,0.4454,0.9266,0.9,0,conplag,True,True
9fc811f7_cff39394,9fc811f7.java,cff39394.java,0.5875,0.8572,0.628,0.937,1.0,1,conplag,True,True
c06_orig_L2v07,original.java,compared.java,0.9312,1.0,0.9518,0.991,1.0,1,ir_plag,True,True
3951966f_b842cf12,3951966f.java,b842cf12.java,0.4677,0.9153,0.5349,0.9389,1.0,0,conplag,True,True
0ee2f8f1_c2b7b017,0ee2f8f1.java,c2b7b017.java,0.4667,0.9287,0.536,0.795,1.0,1,conplag,True,True
c07_orig_L4v08,original.java,compared.java,0.8157,0.8292,0.8197,0.9146,1.0,1,ir_plag,True,True
c05_orig_L4v08,original.java,compared.java,0.6333,0.89,0.7103,0.8505,1.0,1,ir_plag,True,True
40cc90ae_9399204d,40cc90ae.java,9399204d.java,0.4253,0.7449,0.4732,0.7534,0.8182,0,conplag,True,True
c06_orig_np10,original.java,compared.java,0.9312,1.0,0.9518,0.991,1.0,0,ir_plag,True,True
3dd65549_90dc2b20,3dd65549.java,90dc2b20.java,0.4581,0.8157,0.5118,0.9578,0.8889,0,conplag,True,True
317a209c_548ffb07,317a209c.java,548ffb07.java,0.7406,0.917,0.7671,0.8838,0.9091,1,conplag,True,True
c02_orig_L6v09,original.java,compared.java,0.595,0.7313,0.6359,0.7634,1.0,1,ir_plag,True,True
3b498a39_e6b7a899,3b498a39.java,e6b7a899.java,0.3681,0.608,0.4041,0.7265,0.6364,0,conplag,True,True
4da08761_d6fb3b9e,4da08761.java,d6fb3b9e.java,0.3424,0.5764,0.3775,0.643,0.7,0,conplag,True,True
bf0df1d5_d1cd194e,bf0df1d5.java,d1cd194e.java,0.4206,0.7461,0.4695,0.9136,0.8571,0,conplag,True,True
c01_orig_L1v01,original.java,compared.java,1.0,1.0,1.0,1.0,1.0,1,ir_plag,True,True
c02_orig_np12,original.java,compared.java,1.0,1.0,1.0,1.0,1.0,0,ir_plag,True,True
7d9b95c0_9d33ca79,7d9b95c0.java,9d33ca79.java,0.4569,0.7987,0.5082,0.9486,0.8333,0,conplag,True,True
6f02c6d9_c9159d9c,6f02c6d9.java,c9159d9c.java,0.6246,0.7966,0.6504,0.9114,0.8333,0,conplag,True,True
6de04ee2_d9199dfd,6de04ee2.java,d9199dfd.java,0.3653,0.7631,0.4249,0.7344,0.7273,0,conplag,True,True
169e34bf_c9159d9c,169e34bf.java,c9159d9c.java,0.4085,0.7209,0.4554,0.8304,0.75,0,conplag,True,True
8535bdf7_e86eb5b0,8535bdf7.java,e86eb5b0.java,0.4321,0.717,0.4749,0.8326,1.0,0,conplag,True,True
98950986_b9595381,98950986.java,b9595381.java,0.401,0.7014,0.4461,0.7927,0.7778,0,conplag,True,True
c04_orig_np12,original.java,compared.java,0.4053,0.7575,0.511,0.287,0.5,0,ir_plag,True,True
c05_orig_L6v06,original.java,compared.java,0.3437,0.8271,0.4887,0.608,0.6667,1,ir_plag,True,True
c05_orig_L6v05,original.java,compared.java,0.5085,0.75,0.581,0.8843,1.0,1,ir_plag,True,True
d9199dfd_fb312dc6,d9199dfd.java,fb312dc6.java,0.3912,0.8839,0.4651,0.9349,0.8182,1,conplag,True,True
04df7bb8_ee270b2a,04df7bb8.java,ee270b2a.java,0.1681,0.8851,0.2756,0.688,0.8889,1,conplag,True,True
9cea10af_d63e6e3f,9cea10af.java,d63e6e3f.java,0.4833,0.7999,0.5308,0.7725,1.0,0,conplag,True,True
2f8c3bf3_a3abac01,2f8c3bf3.java,a3abac01.java,0.3874,0.7929,0.4482,0.766,1.0,1,conplag,True,True
c01_orig_L1v08,original.java,compared.java,1.0,1.0,1.0,1.0,1.0,1,ir_plag,True,True
c07_orig_L3v07,original.java,compared.java,0.8385,0.9274,0.8652,0.9647,1.0,1,ir_plag,True,True
810fd282_ec558d69,810fd282.java,ec558d69.java,0.8621,0.953,0.8757,1.0,1.0,1,conplag,True,True
1dab88fb_b7de5c19,1dab88fb.java,b7de5c19.java,0.4859,0.8333,0.538,0.9072,0.8462,0,conplag,True,True
8532d5ed_b9595381,8532d5ed.java,b9595381.java,0.433,0.6251,0.4618,0.964,0.7778,0,conplag,True,True
c03_orig_np04,original.java,compared.java,0.97,0.935,0.9595,0.9212,1.0,0,ir_plag,True,True
c07_orig_L4v01,original.java,compared.java,0.529,0.8507,0.6255,0.8677,1.0,1,ir_plag,True,True
a368f345_b434c275,a368f345.java,b434c275.java,0.4748,0.774,0.5197,0.9443,1.0,0,conplag,True,True
c03_orig_L3v07,original.java,compared.java,0.6608,1.0,0.7626,1.0,1.0,1,ir_plag,True,True
b790ef12_ff34fab2,b790ef12.java,ff34fab2.java,0.3525,0.7661,0.4146,0.7915,0.9,0,conplag,True,True
b434c275_fdc4f384,b434c275.java,fdc4f384.java,0.95,1.0,0.9575,1.0,1.0,1,conplag,True,True
c03_orig_L2v03,original.java,compared.java,1.0,0.935,0.9805,0.959,1.0,1,ir_plag,True,True
c06_orig_L6v08,original.java,compared.java,0.6491,0.8375,0.7056,0.874,1.0,1,ir_plag,True,True
35bb6075_76a69f5c,35bb6075.java,76a69f5c.java,0.3641,0.6112,0.4012,0.5897,0.6154,0,conplag,True,True
c03_orig_L2v09,original.java,compared.java,0.6584,1.0,0.7609,1.0,1.0,1,ir_plag,True,True
c03_orig_L5v04,original.java,compared.java,0.5273,0.7661,0.5989,0.7571,1.0,1,ir_plag,True,True
b728ba1d_d04e5afb,b728ba1d.java,d04e5afb.java,1.0,1.0,1.0,1.0,1.0,1,conplag,True,True
884f5678_9862c742,884f5678.java,9862c742.java,0.3806,0.7525,0.4363,0.8778,0.8182,0,conplag,True,True
9ed0ece8_c48673a6,9ed0ece8.java,c48673a6.java,0.3934,0.6806,0.4364,0.8932,0.7273,0,conplag,True,True
28820c82_8637bb90,28820c82.java,8637bb90.java,0.5293,0.6322,0.5447,0.9846,0.6,0,conplag,True,True
4a5b029f_fb05904c,4a5b029f.java,fb05904c.java,0.3951,0.6512,0.4335,0.5446,0.619,0,conplag,True,True
90dc2b20_d8a171a3,90dc2b20.java,d8a171a3.java,0.4561,0.6989,0.4925,0.9935,0.75,0,conplag,True,True
9e7551da_f0e13442,9e7551da.java,f0e13442.java,0.9925,0.9885,0.9919,0.9947,1.0,1,conplag,True,True
c03_orig_np14,original.java,compared.java,0.51,1.0,0.657,0.9257,1.0,0,ir_plag,True,True
3d88acb8_8aadde13,3d88acb8.java,8aadde13.java,0.2975,0.9286,0.3921,0.7809,1.0,1,conplag,True,True
c07_orig_L2v04,original.java,compared.java,0.8937,1.0,0.9256,0.9939,1.0,1,ir_plag,True,True
01c915a2_4e5ee0f7,01c915a2.java,4e5ee0f7.java,0.4197,0.6632,0.4562,0.7485,0.7692,0,conplag,True,True
c01_orig_L4v05,original.java,compared.java,0.5223,0.8917,0.6331,0.8378,1.0,1,ir_plag,True,True
c06_orig_np06,original.java,compared.java,0.9018,1.0,0.9313,1.0,1.0,0,ir_plag,True,True
7011024d_e6b7a899,7011024d.java,e6b7a899.java,0.3215,0.6368,0.3688,0.96,1.0,0,conplag,True,True
c02_orig_np13,original.java,compared.java,0.5978,0.86,0.6765,0.9524,1.0,0,ir_plag,True,True
46bde295_8a858867,46bde295.java,8a858867.java,0.448,0.849,0.5081,0.7918,1.0,1,conplag,True,True
aa266c38_b5fbe7a2,aa266c38.java,b5fbe7a2.java,0.3902,0.5656,0.4165,0.4214,0.5,1,conplag,True,True
1f748faf_851fafb6,1f748faf.java,851fafb6.java,0.3338,0.6153,0.376,0.787,0.6364,0,conplag,True,True
25151980_3b5cec19,25151980.java,3b5cec19.java,0.4039,0.615,0.4356,0.8367,0.5556,0,conplag,True,True
2f8c3bf3_3c667d4f,2f8c3bf3.java,3c667d4f.java,0.7686,0.8926,0.7872,0.8541,0.875,0,conplag,True,True
c03_orig_L5v06,original.java,compared.java,0.5833,0.7825,0.6431,0.789,1.0,1,ir_plag,True,True
4dc0247e_875ed4c8,4dc0247e.java,875ed4c8.java,0.5293,0.8489,0.5773,0.8519,0.8,0,conplag,True,True
c02_orig_L4v02,original.java,compared.java,0.475,0.7357,0.5532,0.5988,1.0,1,ir_plag,True,True
c02_orig_np01,original.java,compared.java,0.9451,0.9917,0.9591,0.9009,1.0,0,ir_plag,True,True
5f3a196a_d76e3b9d,5f3a196a.java,d76e3b9d.java,0.5288,0.6833,0.552,0.8297,0.875,0,conplag,True,True
476e94d3_9310ad0c,476e94d3.java,9310ad0c.java,0.4291,0.7757,0.4811,0.5935,0.7273,0,conplag,True,True
2915ac5b_9b8c6bd7,2915ac5b.java,9b8c6bd7.java,0.6687,0.9273,0.7075,0.9744,1.0,1,conplag,True,True
4201fdf7_93322168,4201fdf7.java,93322168.java,0.3583,0.7447,0.4163,0.9447,1.0,0,conplag,True,True
c03_orig_L4v04,original.java,compared.java,0.4522,0.7828,0.5513,0.7727,1.0,1,ir_plag,True,True
c05_orig_np03,original.java,compared.java,0.4803,0.9302,0.6153,0.8359,1.0,0,ir_plag,True,True
38129877_7493a104,38129877.java,7493a104.java,1.0,1.0,1.0,1.0,1.0,1,conplag,True,True
51019113_bf85ab7b,51019113.java,bf85ab7b.java,0.3562,0.6958,0.4071,0.818,0.7,0,conplag,True,True
4e28b45e_fc1771af,4e28b45e.java,fc1771af.java,0.4006,0.7101,0.447,0.7879,1.0,0,conplag,True,True
089b7f00_fb20d298,089b7f00.java,fb20d298.java,0.4175,0.8822,0.4872,0.9138,0.875,1,conplag,True,True
0df4050e_d9199dfd,0df4050e.java,d9199dfd.java,0.3952,0.8855,0.4687,0.9193,0.8182,1,conplag,True,True
55ab9b5d_ae4d5b49,55ab9b5d.java,ae4d5b49.java,0.3701,0.7919,0.4334,0.9663,0.8,0,conplag,True,True
c01_orig_L6v06,original.java,compared.java,0.5223,0.8917,0.6331,0.8378,1.0,1,ir_plag,True,True
2c7a0000_4201fdf7,2c7a0000.java,4201fdf7.java,0.4149,0.9327,0.4926,0.9341,1.0,1,conplag,True,True
29cf2e70_72d9eb5b,29cf2e70.java,72d9eb5b.java,1.0,1.0,1.0,1.0,1.0,1,conplag,True,True
26e699de_e99c14b9,26e699de.java,e99c14b9.java,0.4879,0.862,0.544,0.9612,0.8182,0,conplag,True,True
0951d079_71a4f6d2,0951d079.java,71a4f6d2.java,0.2834,0.8457,0.3677,0.8923,0.9,1,conplag,True,True
8a39dbf5_ff3283cf,8a39dbf5.java,ff3283cf.java,1.0,1.0,1.0,1.0,1.0,1,conplag,True,True
2bda1866_e4ab72e5,2bda1866.java,e4ab72e5.java,0.4294,0.5369,0.4455,0.4669,0.55,0,conplag,True,True
317a209c_3e6def38,317a209c.java,3e6def38.java,1.0,1.0,1.0,1.0,1.0,1,conplag,True,True
c06_orig_L2v06,original.java,compared.java,1.0,1.0,1.0,1.0,1.0,1,ir_plag,True,True
9291ca83_d61f51c5,9291ca83.java,d61f51c5.java,0.5376,0.7147,0.5641,0.9207,0.8,0,conplag,True,True
c02_orig_L3v09,original.java,compared.java,0.7712,0.95,0.8248,0.9259,1.0,1,ir_plag,True,True
5a81e159_d82fa7e3,5a81e159.java,d82fa7e3.java,0.5061,0.6178,0.5229,0.9652,0.6364,0,conplag,True,True
38601291_3bcd2014,38601291.java,3bcd2014.java,0.4548,0.7848,0.5043,0.8539,0.9,0,conplag,True,True
d9199dfd_ff1fc018,d9199dfd.java,ff1fc018.java,0.3879,0.7741,0.4458,0.8854,0.9091,0,conplag,True,True
c03_orig_L1v01,original.java,compared.java,1.0,0.935,0.9805,0.959,1.0,1,ir_plag,True,True
c01_orig_L4v04,original.java,compared.java,0.5816,0.7417,0.6296,0.775,1.0,1,ir_plag,True,True
3951966f_9bc690ef,3951966f.java,9bc690ef.java,0.465,0.7655,0.5101,0.9116,0.7778,0,conplag,True,True
c05_orig_L2v02,original.java,compared.java,1.0,1.0,1.0,1.0,1.0,1,ir_plag,True,True
c4ca2ff3_d83f74f7,c4ca2ff3.java,d83f74f7.java,0.4848,0.5728,0.498,0.7452,0.8889,0,conplag,True,True
3afcc566_fcc7e8fa,3afcc566.java,fcc7e8fa.java,0.3578,0.7641,0.4188,0.9923,0.8182,0,conplag,True,True
00af3420_5449d33c,00af3420.java,5449d33c.java,0.5065,0.8184,0.5533,0.8472,1.0,0,conplag,True,True
8be61667_ca3128ab,8be61667.java,ca3128ab.java,0.4424,0.8573,0.5046,0.772,0.8571,0,conplag,True,True
0951d079_0ecf356d,0951d079.java,0ecf356d.java,0.4557,0.9857,0.5352,0.9387,1.0,1,conplag,True,True
c02_orig_L2v07,original.java,compared.java,1.0,1.0,1.0,1.0,1.0,1,ir_plag,True,True
c04_orig_np05,original.java,compared.java,0.2941,0.825,0.4534,0.7333,0.6667,0,ir_plag,True,True
c01_orig_L3v03,original.java,compared.java,0.993,1.0,0.9951,0.9839,1.0,1,ir_plag,True,True
8782922d_f5f97f19,8782922d.java,f5f97f19.java,0.3971,0.504,0.4132,0.3748,0.4737,0,conplag,True,True
3380fa52_48993e07,3380fa52.java,48993e07.java,0.3506,0.727,0.4071,0.7514,0.75,1,conplag,True,True
c01_orig_L2v02,original.java,compared.java,1.0,1.0,1.0,1.0,1.0,1,ir_plag,True,True
80881cae_ad4c7a20,80881cae.java,ad4c7a20.java,0.4223,0.8723,0.4898,0.8242,1.0,1,conplag,True,True
3380fa52_f28b8cb4,3380fa52.java,f28b8cb4.java,0.3552,0.7779,0.4186,0.9473,1.0,1,conplag,True,True
c01_orig_np11,original.java,compared.java,0.4624,0.6725,0.5255,0.6774,0.5,0,ir_plag,True,True
51d88c51_c2b7b017,51d88c51.java,c2b7b017.java,0.4601,0.9201,0.5291,0.8584,0.875,1,conplag,True,True
c01_orig_np06,original.java,compared.java,0.4624,0.6725,0.5255,0.6774,0.5,0,ir_plag,True,True
3d06b643_930dd1f1,3d06b643.java,930dd1f1.java,0.4686,0.5277,0.4775,0.6092,0.5,0,conplag,True,True
927384f2_d4779c71,927384f2.java,d4779c71.java,0.3938,0.6913,0.4384,0.9628,0.6154,0,conplag,True,True
c05_orig_L4v04,original.java,compared.java,0.4751,0.925,0.61,0.9346,1.0,1,ir_plag,True,True
c02_orig_L2v03,original.java,compared.java,1.0,1.0,1.0,1.0,1.0,1,ir_plag,True,True
6d55e68b_d8a171a3,6d55e68b.java,d8a171a3.java,0.3765,0.6856,0.4229,0.6067,0.5455,0,conplag,True,True
00c0b82a_1ea771ea,00c0b82a.java,1ea771ea.java,0.3199,0.8457,0.3988,0.9176,0.8889,0,conplag,True,True
5b9a0551_db1ef8b3,5b9a0551.java,db1ef8b3.java,0.4484,0.6473,0.4783,0.9073,0.8333,0,conplag,True,True
01c915a2_480de7be,01c915a2.java,480de7be.java,0.3992,0.6506,0.4369,0.7566,0.5652,0,conplag,True,True
45b19e51_f9adc043,45b19e51.java,f9adc043.java,0.5081,0.7513,0.5446,0.875,0.75,0,conplag,True,True
c07_orig_L1v07,original.java,compared.java,1.0,0.9274,0.9782,0.9647,1.0,1,ir_plag,True,True
2db37cb1_875ed4c8,2db37cb1.java,875ed4c8.java,0.5095,0.7157,0.5404,0.9102,0.8333,0,conplag,True,True
c04_orig_L3v07,original.java,compared.java,0.6397,0.95,0.7328,0.9706,1.0,1,ir_plag,True,True
4552d8a0_ec4c7e8e,4552d8a0.java,ec4c7e8e.java,0.3941,0.8378,0.4606,0.9736,0.7692,0,conplag,True,True
c04_orig_L2v09,original.java,compared.java,1.0,1.0,1.0,1.0,1.0,1,ir_plag,True,True
a0b406e6_c9b4bb51,a0b406e6.java,c9b4bb51.java,0.4855,0.7188,0.5205,0.8488,0.75,0,conplag,True,True
6f02c6d9_d3a96420,6f02c6d9.java,d3a96420.java,0.4341,0.8944,0.5031,0.9278,0.9091,0,conplag,True,True
949502c2_9fc811f7,949502c2.java,9fc811f7.java,0.5303,0.8352,0.5761,0.8817,0.875,1,conplag,True,True
10584086_f229aa7f,10584086.java,f229aa7f.java,0.4281,0.7725,0.4797,0.9567,1.0,0,conplag,True,True
c9159d9c_d3a96420,c9159d9c.java,d3a96420.java,0.508,0.869,0.5622,0.8456,0.9167,0,conplag,True,True
8639f6c6_e18ae6a1,8639f6c6.java,e18ae6a1.java,0.3689,0.7875,0.4317,0.9836,0.75,0,conplag,True,True
c04_orig_L5v02,original.java,compared.java,0.6395,0.8875,0.7139,0.7416,1.0,1,ir_plag,True,True
c07_orig_L4v04,original.java,compared.java,0.5186,0.8507,0.6182,0.8283,1.0,1,ir_plag,True,True
3e6def38_e7dce35b,3e6def38.java,e7dce35b.java,0.5609,0.9275,0.6159,0.878,1.0,1,conplag,True,True
11c2ab99_e6a6e318,11c2ab99.java,e6a6e318.java,0.3671,0.9388,0.4529,0.9722,1.0,1,conplag,True,True
ca3128ab_e270e909,ca3128ab.java,e270e909.java,0.4323,0.7931,0.4864,0.847,0.8333,0,conplag,True,True
141effef_9cea10af,141effef.java,9cea10af.java,0.4216,0.7253,0.4672,0.6527,0.7778,0,conplag,True,True
26e699de_f229aa7f,26e699de.java,f229aa7f.java,0.3821,0.835,0.45,0.9288,0.8182,0,conplag,True,True
9862c742_d9199dfd,9862c742.java,d9199dfd.java,0.3883,0.9256,0.4689,0.8229,1.0,0,conplag,True,True
aa4b840f_e99c14b9,aa4b840f.java,e99c14b9.java,0.5243,0.7476,0.5578,0.7984,0.7778,0,conplag,True,True
c02_orig_L5v04,original.java,compared.java,0.5392,0.8502,0.6325,0.9009,1.0,1,ir_plag,True,True
c07_orig_L4v07,original.java,compared.java,0.7881,0.8125,0.7955,0.9268,1.0,1,ir_plag,True,True
8f6421f3_ea2fc2bc,8f6421f3.java,ea2fc2bc.java,0.4197,0.8925,0.4906,0.9292,1.0,1,conplag,True,True
085ddefc_1500a4fa,085ddefc.java,1500a4fa.java,0.442,0.7342,0.4858,0.6667,0.65,0,conplag,True,True
c06_orig_L1v03,original.java,compared.java,1.0,1.0,1.0,1.0,1.0,1,ir_plag,True,True
8f6421f3_bdfe8110,8f6421f3.java,bdfe8110.java,0.3344,0.9259,0.4232,0.9321,1.0,1,conplag,True,True
c06_orig_L2v01,original.java,compared.java,1.0,1.0,1.0,1.0,1.0,1,ir_plag,True,True
4e9c4bf9_7011024d,4e9c4bf9.java,7011024d.java,0.4624,0.5491,0.4754,0.7966,1.0,0,conplag,True,True
c06_orig_L6v01,original.java,compared.java,0.4976,0.8232,0.5953,0.7986,1.0,1,ir_plag,True,True
c04_orig_L2v05,original.java,compared.java,0.4663,1.0,0.6264,0.9167,1.0,1,ir_plag,True,True
46e9aed4_7011024d,46e9aed4.java,7011024d.java,0.4444,0.5105,0.4543,0.9926,0.875,0,conplag,True,True
c05_orig_L3v07,original.java,compared.java,0.5941,0.975,0.7083,0.9817,1.0,1,ir_plag,True,True
c04_orig_L1v08,original.java,compared.java,1.0,1.0,1.0,1.0,1.0,1,ir_plag,True,True
c03_orig_L3v01,original.java,compared.java,0.6291,0.885,0.7059,0.8698,1.0,1,ir_plag,True,True
0922b7e7_d1cd194e,0922b7e7.java,d1cd194e.java,0.3984,0.6192,0.4315,0.8351,0.5714,0,conplag,True,True
c03_orig_L5v02,original.java,compared.java,0.4667,0.7367,0.5477,0.7276,1.0,1,ir_plag,True,True
339fdc7f_6be4dcef,339fdc7f.java,6be4dcef.java,0.4925,0.6306,0.5133,0.6954,0.75,0,conplag,True,True
67241a76_8a39dbf5,67241a76.java,8a39dbf5.java,0.3215,0.6881,0.3765,0.8217,0.6364,0,conplag,True,True
0d4d22e0_d20e861b,0d4d22e0.java,d20e861b.java,0.3163,0.6107,0.3604,0.7256,0.5161,0,conplag,True,True
3d06b643_db7f80a5,3d06b643.java,db7f80a5.java,0.4177,0.564,0.4397,0.9195,1.0,1,conplag,True,False
c01_orig_L1v04,original.java,compared.java,1.0,1.0,1.0,1.0,1.0,1,ir_plag,True,True
3380fa52_8a39dbf5,3380fa52.java,8a39dbf5.java,0.3187,0.5604,0.3549,0.9015,0.7273,0,conplag,True,True
ae4d5b49_f665e87b,ae4d5b49.java,f665e87b.java,0.2503,0.6842,0.3154,0.7862,0.7273,0,conplag,True,True
31cdf5fe_f0801d53,31cdf5fe.java,f0801d53.java,0.5001,0.6493,0.5225,0.9458,0.5714,0,conplag,True,True
8f31b279_d2f74dfc,8f31b279.java,d2f74dfc.java,0.3926,0.6159,0.4261,0.6636,0.625,0,conplag,True,True
480de7be_f4757480,480de7be.java,f4757480.java,0.5272,0.7633,0.5626,0.6482,0.6522,1,conplag,True,True
c06_orig_L4v09,original.java,compared.java,0.6006,0.8542,0.6767,0.874,1.0,1,ir_plag,True,True
30e0cc81_b55888de,30e0cc81.java,b55888de.java,0.424,0.7572,0.474,0.6704,0.9,0,conplag,True,True
54d7c21e_a7e7f371,54d7c21e.java,a7e7f371.java,0.514,1.0,0.5869,0.9909,1.0,1,conplag,True,True
29cf2e70_584b0e9e,29cf2e70.java,584b0e9e.java,0.306,0.9054,0.3959,0.6208,1.0,1,conplag,True,True
1dab88fb_f59d9b6e,1dab88fb.java,f59d9b6e.java,0.5467,0.9491,0.6071,0.9936,1.0,1,conplag,True,True
4eac0eea_f4d6d28d,4eac0eea.java,f4d6d28d.java,1.0,0.9808,0.9971,0.9917,1.0,1,conplag,True,True
bd65846f_d018b49f,bd65846f.java,d018b49f.java,0.3898,0.6764,0.4328,0.8519,0.8182,0,conplag,True,True
3e6def38_548ffb07,3e6def38.java,548ffb07.java,0.7406,0.917,0.7671,0.8838,0.9091,1,conplag,True,True
0cedec8a_ac8acb97,0cedec8a.java,ac8acb97.java,0.3518,0.5649,0.3838,0.5275,1.0,1,conplag,True,True
5c54f087_c6c7fa0c,5c54f087.java,c6c7fa0c.java,0.4141,0.6512,0.4497,0.9357,0.8462,0,conplag,True,True
0ecf356d_71a4f6d2,0ecf356d.java,71a4f6d2.java,0.2295,0.86,0.3241,0.8376,0.9,1,conplag,True,True
3a12e509_fae0662f,3a12e509.java,fae0662f.java,0.5058,0.7537,0.543,0.9309,1.0,0,conplag,True,True
c04_orig_L6v07,original.java,compared.java,0.57,0.8375,0.6502,0.7333,1.0,1,ir_plag,True,True
829d2024_9852706b,829d2024.java,9852706b.java,0.5287,0.89,0.5829,0.982,0.8,1,conplag,True,True
80881cae_9555b9d1,80881cae.java,9555b9d1.java,0.385,0.6263,0.4212,0.7927,0.7273,0,conplag,True,True
3f939694_54488276,3f939694.java,54488276.java,0.4291,0.8291,0.4891,0.7675,0.8889,0,conplag,True,True
c02_orig_L6v06,original.java,compared.java,0.6448,0.8024,0.6921,0.7194,1.0,1,ir_plag,True,True
643e22cc_bd7281dc,643e22cc.java,bd7281dc.java,0.3917,0.7103,0.4395,0.9877,1.0,0,conplag,True,True
c04_orig_L3v02,original.java,compared.java,0.5914,1.0,0.714,1.0,1.0,1,ir_plag,True,True
1480a727_a7d1ce58,1480a727.java,a7d1ce58.java,0.4041,0.9459,0.4854,0.9503,1.0,1,conplag,True,True
45e38fad_5be7547e,45e38fad.java,5be7547e.java,0.508,0.7653,0.5466,0.9092,1.0,0,conplag,True,True
71c7ac71_bdfe8110,71c7ac71.java,bdfe8110.java,0.3603,0.4661,0.3762,0.6125,0.6,0,conplag,True,True
5ee4d2f9_b38468e8,5ee4d2f9.java,b38468e8.java,0.2339,0.6503,0.2964,0.9648,0.7,0,conplag,True,True
3d06b643_cb87df79,3d06b643.java,cb87df79.java,0.4599,0.7596,0.5049,0.7034,0.8333,1,conplag,True,True
722e318f_b790ef12,722e318f.java,b790ef12.java,0.288,0.7238,0.3534,0.8308,0.8,1,conplag,True,True
c03_orig_L4v07,original.java,compared.java,0.5867,0.8033,0.6517,0.8166,1.0,1,ir_plag,True,True
8a39dbf5_e1a5831a,8a39dbf5.java,e1a5831a.java,0.3605,0.6951,0.4107,0.7521,0.8182,0,conplag,True,True
529d9642_8ad1ad84,529d9642.java,8ad1ad84.java,0.4608,0.6513,0.4893,0.8244,0.6364,0,conplag,True,True
c03_orig_L6v05,original.java,compared.java,0.5161,0.629,0.55,0.789,1.0,1,ir_plag,True,True
a6520606_fb05904c,a6520606.java,fb05904c.java,0.452,0.5932,0.4732,0.6929,0.7143,0,conplag,True,True
1a31f5cb_dc575a6c,1a31f5cb.java,dc575a6c.java,0.5,0.7732,0.541,0.9771,0.875,0,conplag,True,True
48c5f745_4d25818e,48c5f745.java,4d25818e.java,0.3694,0.9133,0.451,0.9539,1.0,1,conplag,True,True
71e0f2e5_b226c49a,71e0f2e5.java,b226c49a.java,0.512,0.7588,0.549,0.8529,0.9231,0,conplag,True,True
2af19170_ac8ef97c,2af19170.java,ac8ef97c.java,0.4168,0.7731,0.4703,0.9067,0.8571,0,conplag,True,True
c07_orig_L5v01,original.java,compared.java,0.5291,0.84,0.6223,0.8677,1.0,1,ir_plag,True,True
764484c3_9028caf7,764484c3.java,9028caf7.java,0.4921,0.7691,0.5336,0.9017,0.9,0,conplag,True,True
0c1143f7_960a4c0f,0c1143f7.java,960a4c0f.java,0.4111,0.8962,0.4839,0.8272,0.8,0,conplag,True,True
8e990c75_d9f6c257,8e990c75.java,d9f6c257.java,0.3649,0.5992,0.4,0.8422,0.4545,0,conplag,True,True
c06_orig_L4v06,original.java,compared.java,0.4066,0.7717,0.5161,0.6307,1.0,1,ir_plag,True,True
163d0dde_f87eb1b3,163d0dde.java,f87eb1b3.java,0.4789,0.7841,0.5247,0.9139,0.8333,0,conplag,True,True
66e74577_6e207cbf,66e74577.java,6e207cbf.java,0.4612,0.7185,0.4998,0.9426,0.7143,0,conplag,True,True
c04_orig_L6v03,original.java,compared.java,0.4669,0.6625,0.5256,0.7333,1.0,1,ir_plag,True,True
29cf2e70_b2001d68,29cf2e70.java,b2001d68.java,0.5362,0.9752,0.602,0.9243,1.0,1,conplag,True,True
3e93b259_a60fba84,3e93b259.java,a60fba84.java,0.463,0.7819,0.5108,0.8051,1.0,1,conplag,True,True
23194f89_bcc5473d,23194f89.java,bcc5473d.java,0.363,0.6083,0.3998,0.4138,0.6667,0,conplag,True,True
0c9d4def_f665e87b,0c9d4def.java,f665e87b.java,0.433,0.7955,0.4874,0.98,0.9091,0,conplag,True,True
3e93b259_e431de28,3e93b259.java,e431de28.java,0.554,0.8427,0.5973,0.8711,0.8333,0,conplag,True,True
49b94994_d8654140,49b94994.java,d8654140.java,0.2982,0.6136,0.3455,0.7505,1.0,0,conplag,True,True
9ab3c0e1_d5fa4746,9ab3c0e1.java,d5fa4746.java,0.6894,0.9035,0.7215,0.9684,0.8333,1,conplag,True,True
11c2ab99_bdfe8110,11c2ab99.java,bdfe8110.java,1.0,1.0,1.0,1.0,1.0,1,conplag,True,True
116765b1_38601291,116765b1.java,38601291.java,0.4808,0.8391,0.5346,0.9947,0.8889,1,conplag,True,True
45f5632f_5dc1f7b3,45f5632f.java,5dc1f7b3.java,0.3918,0.6475,0.4302,0.7338,0.8,0,conplag,True,True
734a94be_cb87df79,734a94be.java,cb87df79.java,0.5623,0.8572,0.6065,0.8547,0.8333,1,conplag,True,True
90f01508_ec8566b8,90f01508.java,ec8566b8.java,0.5015,0.7585,0.54,0.9522,0.9167,0,conplag,True,True
0f3a2acf_16e6d8bb,0f3a2acf.java,16e6d8bb.java,0.397,0.7192,0.4453,0.9984,1.0,1,conplag,True,True
4552d8a0_d3a96420,4552d8a0.java,d3a96420.java,0.4582,0.9088,0.5257,0.9051,0.9091,0,conplag,True,True
0b27be88_3f4a5b64,0b27be88.java,3f4a5b64.java,1.0,1.0,1.0,1.0,1.0,1,conplag,True,True
316c9955_e7370eec,316c9955.java,e7370eec.java,0.3823,0.7372,0.4355,0.971,0.75,0,conplag,True,True
c07_orig_L6v06,original.java,compared.java,0.4924,0.7881,0.5811,0.982,1.0,1,ir_plag,True,True
c04_orig_L5v04,original.java,compared.java,0.4512,0.8075,0.5581,0.825,1.0,1,ir_plag,True,True
4d279121_856a8eda,4d279121.java,856a8eda.java,0.3991,0.8154,0.4615,0.9667,0.8,0,conplag,True,True
c05_orig_L3v08,original.java,compared.java,0.7156,1.0,0.8009,0.9907,1.0,1,ir_plag,True,True
0922b7e7_c34bb733,0922b7e7.java,c34bb733.java,0.3618,0.5479,0.3897,0.4878,0.3636,0,conplag,True,True
c06_orig_np05,original.java,compared.java,0.9018,1.0,0.9313,1.0,1.0,0,ir_plag,True,True
05ca89ed_5b9a0551,05ca89ed.java,5b9a0551.java,0.4795,0.8375,0.5332,0.9308,1.0,0,conplag,True,True
c04_orig_L2v01,original.java,compared.java,1.0,1.0,1.0,1.0,1.0,1,ir_plag,True,True
2722ef48_e9144440,2722ef48.java,e9144440.java,0.3959,0.7008,0.4416,0.8717,0.7273,0,conplag,True,True
43ca682a_baebdc56,43ca682a.java,baebdc56.java,1.0,1.0,1.0,1.0,1.0,1,conplag,True,True
6815a099_f41057db,6815a099.java,f41057db.java,0.5687,0.988,0.6316,0.9965,1.0,1,conplag,True,True
0ee2f8f1_587307f2,0ee2f8f1.java,587307f2.java,1.0,1.0,1.0,1.0,1.0,1,conplag,True,True
18e2441c_24b20554,18e2441c.java,24b20554.java,0.3641,0.8217,0.4327,0.7418,1.0,1,conplag,True,True
8703709f_d2901569,8703709f.java,d2901569.java,0.4986,0.7714,0.5396,0.9548,0.7143,0,conplag,True,True
c05_orig_L5v05,original.java,compared.java,0.5316,0.925,0.6496,0.8492,1.0,1,ir_plag,True,True
16a2a867_3951966f,16a2a867.java,3951966f.java,0.4596,0.6825,0.493,0.9256,0.7778,0,conplag,True,True
c06_orig_L5v05,original.java,compared.java,0.4816,0.7875,0.5733,0.8605,1.0,1,ir_plag,True,True
6e207cbf_dc281165,6e207cbf.java,dc281165.java,0.3349,0.637,0.3802,0.9663,0.6,0,conplag,True,True
1dab88fb_7b5f64b7,1dab88fb.java,7b5f64b7.java,0.4655,0.7148,0.5029,0.7409,0.8462,0,conplag,True,True
5af25bd7_cbbbed5f,5af25bd7.java,cbbbed5f.java,0.475,0.7635,0.5183,0.9085,0.75,0,conplag,True,True
26e699de_402aff07,26e699de.java,402aff07.java,0.4611,0.7792,0.5088,0.8123,1.0,0,conplag,True,True
35eb27da_8559d49e,35eb27da.java,8559d49e.java,0.3324,0.6575,0.3811,0.6611,0.8421,0,conplag,True,True
2a655afe_692a4496,2a655afe.java,692a4496.java,1.0,1.0,1.0,1.0,1.0,1,conplag,True,True
c05_orig_L5v03,original.java,compared.java,0.4876,0.7275,0.5596,0.972,1.0,1,ir_plag,True,True
ad4c7a20_f8e7b886,ad4c7a20.java,f8e7b886.java,0.4404,0.6429,0.4708,0.7297,0.7273,0,conplag,True,True
5d175166_d1391025,5d175166.java,d1391025.java,0.5956,0.7479,0.6184,0.9828,0.9231,0,conplag,True,True
018c15bd_378bb1ca,018c15bd.java,378bb1ca.java,0.4218,0.6589,0.4573,0.5797,0.7143,0,conplag,True,True
8d9871a9_e431de28,8d9871a9.java,e431de28.java,0.4833,0.7934,0.5298,0.8269,0.8333,1,conplag,True,True
c02_orig_L6v08,original.java,compared.java,0.5749,0.8024,0.6432,0.7634,1.0,1,ir_plag,True,True
c04_orig_np01,original.java,compared.java,0.8366,0.92,0.8616,0.9851,1.0,0,ir_plag,True,True
169e34bf_69b8ffb2,169e34bf.java,69b8ffb2.java,0.4176,0.6924,0.4588,0.761,0.75,0,conplag,True,True
6e207cbf_76ad805a,6e207cbf.java,76ad805a.java,0.4448,0.792,0.4969,0.7282,0.9,0,conplag,True,True
9291ca83_b185d034,9291ca83.java,b185d034.java,0.4364,0.8537,0.499,0.9104,0.8,1,conplag,True,True
692a4496_f7006f16,692a4496.java,f7006f16.java,0.4221,0.5488,0.4411,0.7479,0.4667,0,conplag,True,True
856a8eda_c354b74f,856a8eda.java,c354b74f.java,0.4518,0.7286,0.4933,0.689,0.6667,0,conplag,True,True
1dab88fb_9c55bc1b,1dab88fb.java,9c55bc1b.java,0.4244,0.8024,0.4811,0.842,0.7857,0,conplag,True,True
bdf7bfb2_d92c5342,bdf7bfb2.java,d92c5342.java,0.4911,0.9133,0.5544,0.9433,1.0,0,conplag,True,True
ac121776_eb6cfca7,ac121776.java,eb6cfca7.java,0.3836,0.9104,0.4626,0.9133,1.0,0,conplag,True,True
c05_orig_L6v02,original.java,compared.java,0.6408,0.7761,0.6814,0.7431,1.0,1,ir_plag,True,True
3c667d4f_be3b1289,3c667d4f.java,be3b1289.java,0.3134,0.7652,0.3812,0.7689,0.875,1,conplag,True,True
11373c16_69b2fd22,11373c16.java,69b2fd22.java,0.5076,0.799,0.5513,0.8144,0.7,0,conplag,True,True
32ff22fe_f0d91796,32ff22fe.java,f0d91796.java,0.3633,0.8847,0.4416,0.852,1.0,0,conplag,True,True
94b3b86d_efe594c3,94b3b86d.java,efe594c3.java,0.5246,0.8576,0.5745,0.7745,0.8667,0,conplag,True,True
11373c16_7011024d,11373c16.java,7011024d.java,0.4715,0.6402,0.4968,0.9142,1.0,0,conplag,True,True
c05_orig_np10,original.java,compared.java,0.4719,0.9417,0.6129,0.964,1.0,0,ir_plag,True,True
c07_orig_np14,original.java,compared.java,0.526,0.7482,0.5927,0.8962,0.6667,0,ir_plag,True,True
018c9543_d1dbc56a,018c9543.java,d1dbc56a.java,0.491,0.5902,0.5059,0.5804,0.5,0,conplag,True,True
c04_orig_L3v04,original.java,compared.java,0.6601,0.8875,0.7283,0.8148,1.0,1,ir_plag,True,True
c02_orig_L1v07,original.java,compared.java,1.0,1.0,1.0,1.0,1.0,1,ir_plag,True,True
c03_orig_np13,original.java,compared.java,0.6438,0.85,0.7057,0.9689,1.0,0,ir_plag,True,True
2c7a0000_bd50e3fe,2c7a0000.java,bd50e3fe.java,0.4117,0.861,0.4791,0.953,0.8889,1,conplag,True,True
c02_orig_L4v01,original.java,compared.java,0.5216,0.7595,0.593,0.6803,1.0,1,ir_plag,True,True
343cc8e7_7f69a9e8,343cc8e7.java,7f69a9e8.java,0.2957,0.8048,0.3721,0.9215,0.8889,0,conplag,True,True
1984bef1_2063ba3e,1984bef1.java,2063ba3e.java,0.4368,0.9265,0.5102,0.8936,0.9,0,conplag,True,True
a8e2cefc_ee270b2a,a8e2cefc.java,ee270b2a.java,0.3726,0.5957,0.4061,0.7379,0.6429,0,conplag,True,True
c02_orig_L3v08,original.java,compared.java,0.6768,1.0,0.7738,1.0,1.0,1,ir_plag,True,True
11d91f31_4323e2bd,11d91f31.java,4323e2bd.java,0.4369,0.6751,0.4726,0.6314,0.7778,0,conplag,True,True
402aff07_f229aa7f,402aff07.java,f229aa7f.java,0.3809,0.7398,0.4348,0.8746,0.8182,0,conplag,True,True
14b0fb8e_6490bbe8,14b0fb8e.java,6490bbe8.java,0.4606,0.7591,0.5054,0.94,1.0,0,conplag,True,True
81fb6415_b3d4c5ca,81fb6415.java,b3d4c5ca.java,0.6501,0.7137,0.6596,0.7399,0.8571,0,conplag,True,True
72d9eb5b_884f5678,72d9eb5b.java,884f5678.java,0.4643,0.7975,0.5143,0.8139,0.9,0,conplag,True,True
c02_orig_L5v09,original.java,compared.java,0.6687,0.8061,0.7099,0.7874,1.0,1,ir_plag,True,True
c05_orig_np08,original.java,compared.java,0.4378,0.8266,0.5544,0.9813,1.0,0,ir_plag,True,True
9756f13a_ea899386,9756f13a.java,ea899386.java,0.3981,0.6921,0.4422,0.7461,0.5455,0,conplag,True,True
1dab88fb_a6229ee9,1dab88fb.java,a6229ee9.java,0.3845,0.8754,0.4581,0.7676,0.9167,0,conplag,True,True
c07_orig_L5v08,original.java,compared.java,0.5951,0.7875,0.6528,0.9085,1.0,1,ir_plag,True,True
a7894e0b_fadc1365,a7894e0b.java,fadc1365.java,0.2867,0.9214,0.3819,0.9969,0.8571,1,conplag,True,True
9028caf7_e6b7a899,9028caf7.java,e6b7a899.java,0.3257,0.7313,0.3865,0.9279,0.7,0,conplag,True,True
c07_orig_np02,original.java,compared.java,0.9271,0.7583,0.8765,0.8454,0.6667,0,ir_plag,True,True
63bfa731_9fc811f7,63bfa731.java,9fc811f7.java,0.4446,0.7083,0.4842,0.7424,1.0,1,conplag,True,True
c06_orig_np03,original.java,compared.java,0.9312,1.0,0.9518,0.991,1.0,0,ir_plag,True,True
c03_orig_L3v04,original.java,compared.java,0.5625,0.95,0.6788,0.9541,1.0,1,ir_plag,True,True
c03_orig_np06,original.java,compared.java,0.9919,0.935,0.9748,0.959,1.0,0,ir_plag,True,True
0588b869_9028caf7,0588b869.java,9028caf7.java,0.4729,0.7056,0.5078,0.8515,0.7,0,conplag,True,True
2bbf754b_69b8ffb2,2bbf754b.java,69b8ffb2.java,0.394,0.582,0.4222,0.7401,0.6667,0,conplag,True,True
c03_orig_L4v06,original.java,compared.java,0.5833,0.7825,0.6431,0.789,1.0,1,ir_plag,True,True
5a81e159_866a2d52,5a81e159.java,866a2d52.java,0.3875,0.6614,0.4286,0.8043,0.7273,0,conplag,True,True
c06_orig_L1v01,original.java,compared.java,1.0,1.0,1.0,1.0,1.0,1,ir_plag,True,True
11c2ab99_28c2d81a,11c2ab99.java,28c2d81a.java,0.3254,0.9695,0.422,0.8519,1.0,1,conplag,True,True
c05_orig_np14,original.java,compared.java,0.4433,0.9313,0.5897,0.8629,1.0,0,ir_plag,True,True
27ec4acc_ddcadc64,27ec4acc.java,ddcadc64.java,0.3434,0.6505,0.3894,0.6038,0.7273,0,conplag,True,True
69b8ffb2_c9159d9c,69b8ffb2.java,c9159d9c.java,0.4233,0.7363,0.4703,0.9165,1.0,0,conplag,True,True
4303de0d_c9a316ca,4303de0d.java,c9a316ca.java,0.4065,0.7003,0.4506,0.9355,0.875,0,conplag,True,True
464a03b8_cf27732e,464a03b8.java,cf27732e.java,0.3913,0.7979,0.4523,0.7447,0.6923,0,conplag,True,True
c01_orig_L6v05,original.java,compared.java,0.3233,0.5825,0.4011,0.9355,0.5,1,ir_plag,True,True
26e699de_fcc7e8fa,26e699de.java,fcc7e8fa.java,0.3301,0.8078,0.4017,0.7964,0.8182,0,conplag,True,True
c03_orig_L3v02,original.java,compared.java,0.9866,1.0,0.9906,1.0,1.0,1,ir_plag,True,True
7011024d_eea69e7f,7011024d.java,eea69e7f.java,0.5092,0.6021,0.5231,0.8848,0.8571,0,conplag,True,True
74f4382e_bd584714,74f4382e.java,bd584714.java,0.3846,0.7048,0.4326,0.7123,0.6667,0,conplag,True,True
1a6f8b20_77448a05,1a6f8b20.java,77448a05.java,0.4262,0.6219,0.4555,0.5867,0.6154,0,conplag,True,True
8b490132_db09b3f9,8b490132.java,db09b3f9.java,1.0,1.0,1.0,1.0,1.0,1,conplag,True,True
2bbc6c80_4e58558c,2bbc6c80.java,4e58558c.java,1.0,1.0,1.0,1.0,1.0,1,conplag,True,True
c05_orig_L5v08,original.java,compared.java,0.5834,0.8525,0.6641,0.8037,1.0,1,ir_plag,True,True
c02_orig_L3v02,original.java,compared.java,0.6826,0.95,0.7628,0.8621,1.0,1,ir_plag,True,True
c03_orig_L2v07,original.java,compared.java,1.0,0.935,0.9805,0.959,1.0,1,ir_plag,True,True
b5da712b_dd994c01,b5da712b.java,dd994c01.java,0.4437,0.733,0.4871,0.7611,0.7895,0,conplag,True,True
90f01508_e00b1794,90f01508.java,e00b1794.java,0.5177,0.7702,0.5556,0.8459,1.0,0,conplag,True,True
354d060f_e1c4f3db,354d060f.java,e1c4f3db.java,0.4124,0.9062,0.4864,0.8695,1.0,0,conplag,True,True
b08b1c3c_d92b4600,b08b1c3c.java,d92b4600.java,0.2495,0.9333,0.3521,0.8301,0.9231,0,conplag,True,True
07043d35_97a7fab5,07043d35.java,97a7fab5.java,0.4569,0.7642,0.503,0.96,0.9091,0,conplag,True,True
4e28b45e_d7a8434f,4e28b45e.java,d7a8434f.java,1.0,1.0,1.0,1.0,1.0,1,conplag,True,True
9d1bfd29_fe07e031,9d1bfd29.java,fe07e031.java,0.4129,0.6205,0.444,0.9169,1.0,0,conplag,True,True
c07_orig_L5v06,original.java,compared.java,0.4721,0.8783,0.594,0.841,1.0,1,ir_plag,True,True
b2590225_fdcbdf85,b2590225.java,fdcbdf85.java,0.3471,0.5962,0.3845,0.8142,0.75,0,conplag,True,True
584b0e9e_722e318f,584b0e9e.java,722e318f.java,0.4004,0.6999,0.4453,0.8517,0.8,0,conplag,True,True
c05_orig_np06,original.java,compared.java,0.5264,0.9263,0.6464,0.8699,1.0,0,ir_plag,True,True
21c9b214_d5a20936,21c9b214.java,d5a20936.java,0.5802,0.947,0.6353,0.96,1.0,1,conplag,True,True
11c2ab99_8f6421f3,11c2ab99.java,8f6421f3.java,0.3344,0.9259,0.4232,0.9321,1.0,1,conplag,True,True
3b498a39_69b2fd22,3b498a39.java,69b2fd22.java,0.4316,0.6895,0.4703,0.7829,0.9091,0,conplag,True,True
c02_orig_L2v09,original.java,compared.java,0.7824,1.0,0.8477,1.0,1.0,1,ir_plag,True,True
c06_orig_L1v06,original.java,compared.java,1.0,1.0,1.0,1.0,1.0,1,ir_plag,True,True
c02_orig_np14,original.java,compared.java,0.5206,0.9721,0.656,0.7407,1.0,0,ir_plag,True,True
cdb801a1_e14d1ba0,cdb801a1.java,e14d1ba0.java,0.3875,0.7286,0.4386,0.9245,0.625,0,conplag,True,True
00f79486_fb312dc6,00f79486.java,fb312dc6.java,0.3399,0.665,0.3887,0.902,1.0,0,conplag,True,True
ae6567fb_d22a53cd,ae6567fb.java,d22a53cd.java,0.3769,0.7621,0.4347,0.7195,0.75,0,conplag,True,True
953ac418_ba9b94f7,953ac418.java,ba9b94f7.java,0.4476,0.7135,0.4875,0.9152,0.8889,0,conplag,True,True
2bbf754b_9862c742,2bbf754b.java,9862c742.java,0.7011,0.6956,0.7003,0.9906,0.7273,0,conplag,True,True
c07_orig_L5v03,original.java,compared.java,0.9175,0.8149,0.8867,0.8963,1.0,1,ir_plag,True,True
1be078c4_7ae0cb0d,1be078c4.java,7ae0cb0d.java,0.3741,0.8543,0.4461,0.9091,1.0,0,conplag,True,True
3dd65549_f229aa7f,3dd65549.java,f229aa7f.java,0.4056,0.7608,0.4589,0.9729,0.8889,0,conplag,True,True
99bc7da3_ced4639e,99bc7da3.java,ced4639e.java,0.3748,0.7372,0.4291,0.9066,0.75,0,conplag,True,True
3e1442a3_d0e27497,3e1442a3.java,d0e27497.java,0.4128,0.6032,0.4413,0.8631,0.8125,0,conplag,True,True
c06_orig_L5v06,original.java,compared.java,0.3813,0.7467,0.4909,0.6307,1.0,1,ir_plag,True,True
c07_orig_np07,original.java,compared.java,0.5527,0.6931,0.5948,0.5734,0.5714,0,ir_plag,True,True
c01_orig_L5v01,original.java,compared.java,0.2862,0.5825,0.3751,0.871,0.5,1,ir_plag,True,True
1dab88fb_4138b081,1dab88fb.java,4138b081.java,0.4382,0.8665,0.5024,0.969,1.0,0,conplag,True,True
c4ca2ff3_d6fb3b9e,c4ca2ff3.java,d6fb3b9e.java,0.4802,0.6804,0.5102,0.8679,0.7778,0,conplag,True,True
c07_orig_L1v04,original.java,compared.java,0.955,1.0,0.9685,0.9939,1.0,1,ir_plag,True,True
c03_orig_L2v08,original.java,compared.java,1.0,1.0,1.0,1.0,1.0,1,ir_plag,True,True
0f6ca337_6843cc19,0f6ca337.java,6843cc19.java,1.0,1.0,1.0,1.0,1.0,1,conplag,True,True
2120328e_6de04ee2,2120328e.java,6de04ee2.java,0.347,0.6789,0.3968,0.6635,0.8889,1,conplag,True,True
6b83b22e_c59194c7,6b83b22e.java,c59194c7.java,0.3337,0.613,0.3756,0.9933,0.8,0,conplag,True,True
7c11511f_ca8f11a4,7c11511f.java,ca8f11a4.java,0.365,0.8733,0.4413,0.8677,1.0,1,conplag,True,True
213340b3_870e16d9,213340b3.java,870e16d9.java,0.4875,0.8067,0.5354,0.7293,0.6923,0,conplag,True,True
5e8d1aaa_c4d04ce7,5e8d1aaa.java,c4d04ce7.java,0.9801,0.8962,0.9675,0.9035,0.8889,1,conplag,True,True
680ba922_6e207cbf,680ba922.java,6e207cbf.java,0.5076,0.8048,0.5522,0.7481,0.9,0,conplag,True,True
6825260d_c972dd00,6825260d.java,c972dd00.java,1.0,1.0,1.0,1.0,1.0,1,conplag,True,True
c06_orig_L4v05,original.java,compared.java,0.4944,0.75,0.5711,0.8605,1.0,1,ir_plag,True,True
b2590225_f7fc2e94,b2590225.java,f7fc2e94.java,0.4463,0.6387,0.4752,0.9026,0.875,0,conplag,True,True
42fe7dd0_c4ca2ff3,42fe7dd0.java,c4ca2ff3.java,0.508,0.8662,0.5618,0.7902,0.8889,1,conplag,True,True
ba468e1f_fb312dc6,ba468e1f.java,fb312dc6.java,0.4081,0.9199,0.4849,0.9861,0.9,0,conplag,True,True
9f354c5c_cb032314,9f354c5c.java,cb032314.java,0.4173,0.7712,0.4704,0.9116,0.9167,0,conplag,True,True
c03_orig_L5v05,original.java,compared.java,0.5161,0.634,0.5515,0.789,1.0,1,ir_plag,True,True
22b41936_9cea10af,22b41936.java,9cea10af.java,0.4816,0.7747,0.5256,0.9102,0.8889,1,conplag,True,True
c1fef98f_f870e76b,c1fef98f.java,f870e76b.java,0.2608,0.6121,0.3135,0.8371,0.6667,0,conplag,True,True
4851a411_e201bc2e,4851a411.java,e201bc2e.java,0.361,0.5601,0.3909,0.9596,0.625,0,conplag,True,True
35857a5a_ab7507bf,35857a5a.java,ab7507bf.java,0.4861,0.5474,0.4953,0.5177,0.5294,0,conplag,True,True
5766f176_e7a997b5,5766f176.java,e7a997b5.java,0.4654,0.8116,0.5174,0.9142,1.0,0,conplag,True,True
c03_orig_np09,original.java,compared.java,0.97,0.935,0.9595,0.9212,1.0,0,ir_plag,True,True
1410e423_e90a198b,1410e423.java,e90a198b.java,0.3543,0.5976,0.3908,0.6518,0.6429,0,conplag,True,True
1097b326_b45d28b2,1097b326.java,b45d28b2.java,0.4787,0.6865,0.5099,0.8838,1.0,0,conplag,True,True
3088ca9c_7a9c69d8,3088ca9c.java,7a9c69d8.java,0.559,0.8491,0.6025,0.9869,1.0,1,conplag,True,True
18d20d2e_d8a171a3,18d20d2e.java,d8a171a3.java,0.451,0.7002,0.4884,0.6874,0.8571,0,conplag,True,True
c04_orig_L4v07,original.java,compared.java,0.5985,0.8375,0.6702,0.7952,1.0,1,ir_plag,True,True
c04_orig_np11,original.java,compared.java,0.3873,0.9955,0.5697,0.8462,1.0,0,ir_plag,True,True
c05_orig_L1v07,original.java,compared.java,1.0,1.0,1.0,1.0,1.0,1,ir_plag,True,True
46e9aed4_ee4f7b06,46e9aed4.java,ee4f7b06.java,0.4141,0.5396,0.4329,0.9951,1.0,0,conplag,True,True
c04_orig_L2v03,original.java,compared.java,1.0,1.0,1.0,1.0,1.0,1,ir_plag,True,True
c06_orig_L5v03,original.java,compared.java,0.7126,0.7625,0.7276,0.888,1.0,1,ir_plag,True,True
c06_orig_L3v07,original.java,compared.java,0.7665,1.0,0.8366,0.991,1.0,1,ir_plag,True,True
5b9a0551_9debf95c,5b9a0551.java,9debf95c.java,0.2398,0.5985,0.2936,0.6015,0.8333,0,conplag,True,True
63a24497_6e5ab1d2,63a24497.java,6e5ab1d2.java,0.3714,0.7675,0.4308,0.9059,0.7857,1,conplag,True,True
69b2fd22_7bc92b7f,69b2fd22.java,7bc92b7f.java,0.498,0.8183,0.546,0.9148,1.0,0,conplag,True,True
8c011cb9_e0f6aad6,8c011cb9.java,e0f6aad6.java,0.2643,0.7493,0.3371,0.9864,1.0,0,conplag,True,True
0c00d532_521c5645,0c00d532.java,521c5645.java,0.3638,0.5811,0.3964,0.6559,0.5556,0,conplag,True,True
5e3089fa_aea245ba,5e3089fa.java,aea245ba.java,0.4492,0.7634,0.4963,0.9229,0.9,0,conplag,True,True
c05_orig_L1v05,original.java,compared.java,0.7652,1.0,0.8356,0.9469,1.0,1,ir_plag,True,True
ca8f11a4_e185bce5,ca8f11a4.java,e185bce5.java,0.3971,0.7833,0.455,0.8873,0.8333,0,conplag,True,True
c05_orig_L2v03,original.java,compared.java,1.0,1.0,1.0,1.0,1.0,1,ir_plag,True,True
6be98ece_e1c4f3db,6be98ece.java,e1c4f3db.java,0.355,0.7151,0.409,0.8856,0.8182,0,conplag,True,True
3d245498_7838095f,3d245498.java,7838095f.java,0.997,0.9923,0.9963,0.994,1.0,1,conplag,True,True
c06_orig_L4v02,original.java,compared.java,0.5084,0.8875,0.6222,0.8672,1.0,1,ir_plag,True,True
6a47e491_f2cf6a74,6a47e491.java,f2cf6a74.java,0.3109,0.4359,0.3297,0.3961,0.2759,0,conplag,True,True
c03_orig_L4v01,original.java,compared.java,0.4653,0.7717,0.5572,0.7727,1.0,1,ir_plag,True,True
06b9cf99_fb69b3b4,06b9cf99.java,fb69b3b4.java,0.552,0.644,0.5658,0.9533,1.0,0,conplag,True,True
808f7516_9ebe348d,808f7516.java,9ebe348d.java,0.2991,0.7192,0.3621,0.8919,0.9524,0,conplag,True,True
c04_orig_L4v08,original.java,compared.java,0.5417,0.8375,0.6305,0.8049,1.0,1,ir_plag,True,True
565f77b7_e8006510,565f77b7.java,e8006510.java,0.4815,0.7536,0.5223,0.8844,0.7778,0,conplag,True,True
c02_orig_L1v06,original.java,compared.java,1.0,1.0,1.0,1.0,1.0,1,ir_plag,True,True
a5d5a95f_ab7507bf,a5d5a95f.java,ab7507bf.java,0.49,0.9393,0.5574,0.9524,0.8889,0,conplag,True,True
c07_orig_np10,original.java,compared.java,0.5399,0.9274,0.6562,0.9762,1.0,0,ir_plag,True,True
2a35cd81_97a7fab5,2a35cd81.java,97a7fab5.java,0.3881,0.7315,0.4396,0.9293,0.7857,0,conplag,True,True
c05_orig_np02,original.java,compared.java,0.4777,0.9307,0.6136,0.9386,1.0,0,ir_plag,True,True
c04_orig_L1v02,original.java,compared.java,1.0,1.0,1.0,1.0,1.0,1,ir_plag,True,True
c03_orig_L4v02,original.java,compared.java,0.5103,0.8018,0.5978,0.7664,1.0,1,ir_plag,True,True
1ea771ea_ee270b2a,1ea771ea.java,ee270b2a.java,0.3272,0.8508,0.4057,0.9341,0.8889,1,conplag,True,True
08b9908d_f5fb1b62,08b9908d.java,f5fb1b62.java,0.2582,0.7424,0.3308,0.6813,0.75,0,conplag,True,True
c02_orig_L4v07,original.java,compared.java,0.7926,0.7551,0.7813,0.7143,1.0,1,ir_plag,True,True
