folder,file1,file2,similaridad,es_plagio,dataset
c57a973e_fa484fdd,c57a973e.java,fa484fdd.java,0.47716970967654804,1,conplag
44428e63_c850e422,44428e63.java,c850e422.java,0.40369012074448574,0,conplag
2ff0355e_83935617,2ff0355e.java,83935617.java,0.43078773193127795,0,conplag
0017d438_9852706b,0017d438.java,9852706b.java,0.7552705570299879,1,conplag
bdfe8110_c57a973e,bdfe8110.java,c57a973e.java,0.80395077810235,1,conplag
c06_orig_L5v02,original.java,compared.java,0.7120675683129722,1,ir_plag
c05_orig_L5v04,original.java,compared.java,0.9321752710459046,1,ir_plag
5647d16e_ea09d197,5647d16e.java,ea09d197.java,0.6293304519289712,0,conplag
c07_orig_L1v06,original.java,compared.java,0.9898504817290373,1,ir_plag
5af25bd7_77ec956f,5af25bd7.java,77ec956f.java,0.7544376038844002,1,conplag
5756162d_808f7516,5756162d.java,808f7516.java,0.44923886946988545,0,conplag
c04_orig_np06,original.java,compared.java,0.47711079661003963,0,ir_plag
c02_orig_L4v03,original.java,compared.java,0.7688254984350303,1,ir_plag
6bcc5afd_f6ca6fc8,6bcc5afd.java,f6ca6fc8.java,0.7276596475262959,1,conplag
c1fef98f_fadc1365,c1fef98f.java,fadc1365.java,0.39035395344994167,0,conplag
0ea5a836_732c98a0,0ea5a836.java,732c98a0.java,0.6985928779096383,0,conplag
c06_orig_np11,original.java,compared.java,0.6897184121892109,0,ir_plag
0e68e463_29cf2e70,0e68e463.java,29cf2e70.java,0.48349653703534207,0,conplag
28c2d81a_48c5f745,28c2d81a.java,48c5f745.java,0.3990480022425672,1,conplag
1013b392_5a340556,1013b392.java,5a340556.java,0.9991854477247472,1,conplag
3d06b643_f6ca6fc8,3d06b643.java,f6ca6fc8.java,0.678754968862846,1,conplag
c01_orig_L1v06,original.java,compared.java,0.9878047345626988,1,ir_plag
90d0ffd0_b21c7532,90d0ffd0.java,b21c7532.java,0.574738283169848,0,conplag
086f0f90_4a570de6,086f0f90.java,4a570de6.java,0.6440982645693686,0,conplag
c48673a6_ebed1250,c48673a6.java,ebed1250.java,0.4333039029405911,0,conplag
c06_orig_np02,original.java,compared.java,0.8034262579744939,0,ir_plag
c06_orig_L4v08,original.java,compared.java,0.6502186353588792,1,ir_plag
a3e272af_d1cd194e,a3e272af.java,d1cd194e.java,0.48738149448750445,0,conplag
1469697d_69c86b61,1469697d.java,69c86b61.java,0.9999999999999997,1,conplag
c07_orig_np11,original.java,compared.java,0.7538711255989295,0,ir_plag
56a90e79_b505f95e,56a90e79.java,b505f95e.java,0.5278406542867137,0,conplag
c03_orig_L6v03,original.java,compared.java,0.843290124879258,1,ir_plag
6f037b1d_ef1117e3,6f037b1d.java,ef1117e3.java,0.5345531809760317,0,conplag
c06_orig_L1v02,original.java,compared.java,0.9824099769158057,1,ir_plag
16857116_f3d7ce08,16857116.java,f3d7ce08.java,0.9930629111501711,1,conplag
0951d079_b2bae06a,0951d079.java,b2bae06a.java,0.4202531451704354,0,conplag
c07_orig_L6v02,original.java,compared.java,0.6519869344626008,1,ir_plag
c01_orig_np09,original.java,compared.java,0.6712060793233448,0,ir_plag
c03_orig_L6v01,original.java,compared.java,0.5108245962388448,1,ir_plag
12c1cc56_c06c758d,12c1cc56.java,c06c758d.java,1.0,1,conplag
ae716b8f_f1a42a42,ae716b8f.java,f1a42a42.java,0.2638414128642579,0,conplag
c03_orig_np10,original.java,compared.java,0.8330725103793024,0,ir_plag
1be078c4_bb0949b3,1be078c4.java,bb0949b3.java,0.7319776302914548,0,conplag
4e9c4bf9_f9e08a46,4e9c4bf9.java,f9e08a46.java,0.5736249914500319,0,conplag
c07_orig_L1v08,original.java,compared.java,0.9864680412728394,1,ir_plag
cc9230d3_ec558d69,cc9230d3.java,ec558d69.java,0.516154704123661,1,conplag
c02_orig_L6v01,original.java,compared.java,0.5051322507540298,1,ir_plag
c02_orig_L5v02,original.java,compared.java,0.7446758624081313,1,ir_plag
99ccaa44_e7a997b5,99ccaa44.java,e7a997b5.java,0.4200647286073295,0,conplag
29d865c3_5cfa2861,29d865c3.java,5cfa2861.java,0.45235675293289057,0,conplag
3b5cec19_8f31b279,3b5cec19.java,8f31b279.java,0.7219478947767483,1,conplag
3d06b643_6bcc5afd,3d06b643.java,6bcc5afd.java,0.5424201273350167,1,conplag
c05_orig_L4v09,original.java,compared.java,0.8012130927642646,1,ir_plag
c03_orig_L6v06,original.java,compared.java,0.7047421216693438,1,ir_plag
2fdcf0ad_d20e861b,2fdcf0ad.java,d20e861b.java,0.3258839532161919,0,conplag
8e990c75_96b3758b,8e990c75.java,96b3758b.java,0.3723587892069148,0,conplag
c07_orig_L5v07,original.java,compared.java,0.7908342086285834,1,ir_plag
1097b326_a60fba84,1097b326.java,a60fba84.java,0.2120472418433528,0,conplag
392218ef_f0ede32a,392218ef.java,f0ede32a.java,0.555101534613156,0,conplag
c04_orig_L5v01,original.java,compared.java,0.4909517158704634,1,ir_plag
c04_orig_L3v01,original.java,compared.java,0.4981623186281431,1,ir_plag
c04_orig_L6v08,original.java,compared.java,0.6037961517349776,1,ir_plag
31f29772_ac180326,31f29772.java,ac180326.java,0.7045905289109266,0,conplag
c03_orig_L3v06,original.java,compared.java,0.9651040515260167,1,ir_plag
c03_orig_L3v05,original.java,compared.java,0.8013794767746555,1,ir_plag
9862c742_cf27732e,9862c742.java,cf27732e.java,0.5001955907874351,0,conplag
c03_orig_np07,original.java,compared.java,0.9024588269344482,0,ir_plag
47d54299_63bfa731,47d54299.java,63bfa731.java,0.6707029539638089,1,conplag
930dd1f1_f4b87cc2,930dd1f1.java,f4b87cc2.java,0.6348028271914955,0,conplag
99bc7da3_b3638571,99bc7da3.java,b3638571.java,0.3350874692266471,0,conplag
04ed33a5_6b83b22e,04ed33a5.java,6b83b22e.java,1.0,1,conplag
03b3c5af_d74028ea,03b3c5af.java,d74028ea.java,0.5216309628672066,0,conplag
7de69858_b76bce8a,7de69858.java,b76bce8a.java,0.5641304902195776,0,conplag
e2fe9d7d_ece1820d,e2fe9d7d.java,ece1820d.java,0.4987799942180874,0,conplag
67996c4c_7bc92b7f,67996c4c.java,7bc92b7f.java,0.5812889604547933,0,conplag
1dab88fb_bac616ee,1dab88fb.java,bac616ee.java,0.597638051626708,0,conplag
c07_orig_L4v06,original.java,compared.java,0.6891830879891577,1,ir_plag
4138b081_f59d9b6e,4138b081.java,f59d9b6e.java,0.5095215869627471,0,conplag
c03_orig_L2v02,original.java,compared.java,0.826773765583975,1,ir_plag
6e7cd58b_cfba313d,6e7cd58b.java,cfba313d.java,0.5150587953382745,1,conplag
c05_orig_L2v01,original.java,compared.java,0.43161341897075156,1,ir_plag
7f42483d_c9a316ca,7f42483d.java,c9a316ca.java,0.41342095242392946,0,conplag
0c9d4def_d3415fc5,0c9d4def.java,d3415fc5.java,0.5156088018952869,0,conplag
c05_orig_L3v04,original.java,compared.java,0.9864680412728396,1,ir_plag
34cd5b66_d6af96bd,34cd5b66.java,d6af96bd.java,0.07050092577419204,0,conplag
49e94e7e_d7a8434f,49e94e7e.java,d7a8434f.java,0.4062629833341871,0,conplag
0c9d4def_ef1d196b,0c9d4def.java,ef1d196b.java,0.3571029009223771,0,conplag
29cb9b0e_c77654b8,29cb9b0e.java,c77654b8.java,0.1526291379505645,0,conplag
c01_orig_L6v03,original.java,compared.java,0.5465501301296749,1,ir_plag
0048a372_0adb1ee5,0048a372.java,0adb1ee5.java,0.41752252654346034,0,conplag
ac7187d8_b7a6c59c,ac7187d8.java,b7a6c59c.java,0.39018300176317133,0,conplag
6f393cfe_7a9c69d8,6f393cfe.java,7a9c69d8.java,0.9999999999999999,1,conplag
24afd00e_424c930b,24afd00e.java,424c930b.java,0.4385165743564824,0,conplag
1097b326_f1f600d9,1097b326.java,f1f600d9.java,0.4663868289288519,0,conplag
c02_orig_L1v05,original.java,compared.java,0.9880986400552285,1,ir_plag
2e404969_597195ee,2e404969.java,597195ee.java,0.360361322196352,0,conplag
26e699de_76ad805a,26e699de.java,76ad805a.java,0.48238004870163637,0,conplag
c07_orig_np12,original.java,compared.java,0.811958474168502,0,ir_plag
22dff786_624529e3,22dff786.java,624529e3.java,0.26260801810821416,0,conplag
c01_orig_np08,original.java,compared.java,0.6712060793233448,0,ir_plag
0df4050e_f5fde094,0df4050e.java,f5fde094.java,0.354328271241107,0,conplag
c05_orig_L6v04,original.java,compared.java,0.9356351250209237,1,ir_plag
3c74c140_732c98a0,3c74c140.java,732c98a0.java,0.9157174500642433,1,conplag
c03_orig_L2v06,original.java,compared.java,0.8533253193783783,1,ir_plag
80e6c4db_f22a4243,80e6c4db.java,f22a4243.java,0.24038673895662263,0,conplag
c57997b6_ff10b574,c57997b6.java,ff10b574.java,0.6023585048871073,0,conplag
c01_orig_L1v03,original.java,compared.java,0.9908493622974819,1,ir_plag
9c55bc1b_c9da41af,9c55bc1b.java,c9da41af.java,0.6581631601396534,0,conplag
c07_orig_L6v04,original.java,compared.java,0.7339913062180698,1,ir_plag
53551ea0_6be98ece,53551ea0.java,6be98ece.java,0.46000452863761193,0,conplag
0ea5a836_3c74c140,0ea5a836.java,3c74c140.java,0.705413724505413,0,conplag
cdb801a1_dcdaf666,cdb801a1.java,dcdaf666.java,0.5313311818666066,0,conplag
4ea10951_66e74577,4ea10951.java,66e74577.java,0.3567742873219239,0,conplag
00af3420_86102d81,00af3420.java,86102d81.java,0.578590021635848,0,conplag
4499e3b9_cbbbed5f,4499e3b9.java,cbbbed5f.java,0.560769014117529,0,conplag
6f393cfe_d3a0b8d2,6f393cfe.java,d3a0b8d2.java,0.5923288655366062,0,conplag
4fb09c5f_c57a973e,4fb09c5f.java,c57a973e.java,0.4270668283526589,0,conplag
0b04b41e_4da08761,0b04b41e.java,4da08761.java,0.5812876463944672,0,conplag
3cbcb1cc_6045e5d1,3cbcb1cc.java,6045e5d1.java,1.0000000000000002,1,conplag
36f1b52a_558df7d4,36f1b52a.java,558df7d4.java,0.3473908654419234,1,conplag
a8f7c8b7_f229aa7f,a8f7c8b7.java,f229aa7f.java,0.436190128714512,0,conplag
3c667d4f_a7894e0b,3c667d4f.java,a7894e0b.java,0.393888595131695,1,conplag
c06_orig_np07,original.java,compared.java,0.7608179849374801,0,ir_plag
4f7af821_8f6421f3,4f7af821.java,8f6421f3.java,0.46447386938083013,1,conplag
41e69083_54eb1a6b,41e69083.java,54eb1a6b.java,1.0000000000000002,1,conplag
a368f345_e5d02e93,a368f345.java,e5d02e93.java,0.5240635456442551,0,conplag
ee270b2a_fc80cbe0,ee270b2a.java,fc80cbe0.java,0.24567703953172304,0,conplag
c04_orig_np10,original.java,compared.java,0.6976774271987778,0,ir_plag
04ed33a5_0c173033,04ed33a5.java,0c173033.java,0.797920854578339,1,conplag
05f939b3_e647bef7,05f939b3.java,e647bef7.java,0.5917863142228798,0,conplag
0ecf356d_b2bae06a,0ecf356d.java,b2bae06a.java,0.45337708525130704,0,conplag
f229aa7f_fcc7e8fa,f229aa7f.java,fcc7e8fa.java,0.3389895769806175,0,conplag
8aadde13_fb20d298,8aadde13.java,fb20d298.java,0.4124108532867984,1,conplag
e431de28_eb6cfca7,e431de28.java,eb6cfca7.java,0.33848565001667585,0,conplag
12c1cc56_7b71234c,12c1cc56.java,7b71234c.java,1.0,1,conplag
c02_orig_L4v04,original.java,compared.java,0.7753093598996987,1,ir_plag
c04_orig_L6v04,original.java,compared.java,0.8234184723923531,1,ir_plag
01b911ac_a195911e,01b911ac.java,a195911e.java,0.44310719839189855,0,conplag
175201f9_9399204d,175201f9.java,9399204d.java,0.6555738383413199,0,conplag
c06_orig_L3v04,original.java,compared.java,0.768340790119493,1,ir_plag
43b85d63_a37923d1,43b85d63.java,a37923d1.java,0.40649805012002366,0,conplag
ba8800f5_d8e4eb5e,ba8800f5.java,d8e4eb5e.java,0.37413369162501503,0,conplag
c03_orig_L3v08,original.java,compared.java,0.8525549352256725,1,ir_plag
4f7af821_f870e76b,4f7af821.java,f870e76b.java,0.5447282882661479,0,conplag
597195ee_5f3a196a,597195ee.java,5f3a196a.java,0.5279470201038385,1,conplag
1d43139f_fdd41565,1d43139f.java,fdd41565.java,0.47390132632780296,0,conplag
d6fb3b9e_f7a0ea6d,d6fb3b9e.java,f7a0ea6d.java,0.6933341231951545,0,conplag
d1cd194e_dbffab11,d1cd194e.java,dbffab11.java,0.49245943139385323,0,conplag
c02_orig_L4v06,original.java,compared.java,0.5359009010988857,1,ir_plag
1ea771ea_2f8c3bf3,1ea771ea.java,2f8c3bf3.java,0.6759467186481949,0,conplag
7814575b_8cfe3ee0,7814575b.java,8cfe3ee0.java,0.35881127413379443,0,conplag
1071f735_cd835290,1071f735.java,cd835290.java,0.229766881065551,1,conplag
38b356b7_c77654b8,38b356b7.java,c77654b8.java,0.07953390673549617,0,conplag
67996c4c_9028caf7,67996c4c.java,9028caf7.java,0.445546924094797,0,conplag
00af3420_f4d6d28d,00af3420.java,f4d6d28d.java,0.4698028029276563,0,conplag
a3e272af_f7fc2e94,a3e272af.java,f7fc2e94.java,0.4108461738145312,0,conplag
7686c854_abd16ff0,7686c854.java,abd16ff0.java,0.48232939503325956,1,conplag
2a35cd81_464ad4dd,2a35cd81.java,464ad4dd.java,0.7425153170293987,0,conplag
3ff60986_d0b4b96c,3ff60986.java,d0b4b96c.java,1.0,1,conplag
c07_orig_L4v05,original.java,compared.java,0.8446755634918698,1,ir_plag
d23b398c_e14d1ba0,d23b398c.java,e14d1ba0.java,0.8475693597401489,1,conplag
6db218a2_90b71536,6db218a2.java,90b71536.java,1.0000000000000002,1,conplag
487c9f62_54488276,487c9f62.java,54488276.java,0.5111193167499971,0,conplag
5bf01190_79b9b897,5bf01190.java,79b9b897.java,0.5095382028698945,0,conplag
54e71b9b_fd16f5b0,54e71b9b.java,fd16f5b0.java,0.6793923801218138,0,conplag
d8a171a3_f229aa7f,d8a171a3.java,f229aa7f.java,0.33008968486948687,0,conplag
722e318f_ff1fc018,722e318f.java,ff1fc018.java,0.3931412806129159,0,conplag
c06_orig_np09,original.java,compared.java,0.6897184121892109,0,ir_plag
c05_orig_L6v01,original.java,compared.java,0.3816426831937688,1,ir_plag
c07_orig_L2v03,original.java,compared.java,0.9375740454548364,1,ir_plag
810cf242_968c1e7e,810cf242.java,968c1e7e.java,0.19056440381971695,0,conplag
161b4a40_49e94e7e,161b4a40.java,49e94e7e.java,0.3174739207271999,0,conplag
141effef_6653a758,141effef.java,6653a758.java,0.6999559617133583,0,conplag
c01_orig_L5v04,original.java,compared.java,0.7056954645132918,1,ir_plag
b185d034_ccc8ef27,b185d034.java,ccc8ef27.java,0.5906327422304026,0,conplag
c02_orig_L5v06,original.java,compared.java,0.5359009010988857,1,ir_plag
3412b353_528a6162,3412b353.java,528a6162.java,1.0000000000000002,1,conplag
c02_orig_L4v08,original.java,compared.java,0.6707888217814706,1,ir_plag
c02_orig_np05,original.java,compared.java,0.4224239442015825,0,ir_plag
3afcc566_d8a171a3,3afcc566.java,d8a171a3.java,0.24084321715713045,0,conplag
c04_orig_L4v04,original.java,compared.java,0.9133294763304775,1,ir_plag
2eb89317_d4a3869e,2eb89317.java,d4a3869e.java,0.2133906021868868,0,conplag
127af3a7_99ccaa44,127af3a7.java,99ccaa44.java,0.4662442598553624,0,conplag
bd3051e3_e2e37533,bd3051e3.java,e2e37533.java,0.9999999999999999,1,conplag
1dab88fb_99ccaa44,1dab88fb.java,99ccaa44.java,0.47894483049189435,0,conplag
c06_orig_L4v01,original.java,compared.java,0.6927938545451059,1,ir_plag
403e3270_58d18fca,403e3270.java,58d18fca.java,0.7028071767077332,1,conplag
2eb89317_fcc7e8fa,2eb89317.java,fcc7e8fa.java,0.1644973882249207,0,conplag
49b94994_f0d91796,49b94994.java,f0d91796.java,0.26673069677826106,0,conplag
c06_orig_np04,original.java,compared.java,0.7541789597595925,0,ir_plag
c01_orig_np12,original.java,compared.java,0.6712060793233448,0,ir_plag
1a6f8b20_f6ed6826,1a6f8b20.java,f6ed6826.java,0.6468236795452215,0,conplag
c05_orig_L4v07,original.java,compared.java,0.47762769440289277,1,ir_plag
680ba922_6d7d5dd7,680ba922.java,6d7d5dd7.java,0.551261763909719,0,conplag
c01_orig_L2v04,original.java,compared.java,0.9878047345626988,1,ir_plag
6018974f_bdf7bfb2,6018974f.java,bdf7bfb2.java,0.45247498810251674,0,conplag
2063ba3e_2ba7edb6,2063ba3e.java,2ba7edb6.java,0.5137452553217635,0,conplag
c01_orig_L4v03,original.java,compared.java,0.961261545205597,1,ir_plag
c02_orig_L2v08,original.java,compared.java,0.7588051521995974,1,ir_plag
54eb12ca_949502c2,54eb12ca.java,949502c2.java,0.38524482562594686,0,conplag
c07_orig_L3v02,original.java,compared.java,0.7871031431113222,1,ir_plag
c06_orig_L5v09,original.java,compared.java,0.6897184121892109,1,ir_plag
93ee4612_da5cf40b,93ee4612.java,da5cf40b.java,0.47768371855170516,0,conplag
c03_orig_L5v09,original.java,compared.java,0.8838168083251441,1,ir_plag
b2bae06a_d4779c71,b2bae06a.java,d4779c71.java,0.3290711487224422,0,conplag
3d88acb8_b6023b26,3d88acb8.java,b6023b26.java,0.36748975516229426,0,conplag
a7e7f371_f8e7b886,a7e7f371.java,f8e7b886.java,0.5855212303231386,0,conplag
4a1573d6_db8d728d,4a1573d6.java,db8d728d.java,0.5526717763130069,0,conplag
c05_orig_np05,original.java,compared.java,0.7806011178182315,0,ir_plag
c01_orig_L4v06,original.java,compared.java,0.5884124779006294,1,ir_plag
034030f3_9e4ddc38,034030f3.java,9e4ddc38.java,0.5394799429226661,0,conplag
d6bbd286_fabb36ff,d6bbd286.java,fabb36ff.java,0.561329204550816,0,conplag
c01_orig_L6v08,original.java,compared.java,0.4841297408079981,1,ir_plag
c06_orig_L5v07,original.java,compared.java,0.6297451489375271,1,ir_plag
c07_orig_np05,original.java,compared.java,0.685334759879735,0,ir_plag
c01_orig_np14,original.java,compared.java,0.6365704315315542,0,ir_plag
00f79486_ce0b2178,00f79486.java,ce0b2178.java,0.3369298247232702,0,conplag
8a729537_abd16ff0,8a729537.java,abd16ff0.java,0.7992122042047859,1,conplag
976fe834_da54dec3,976fe834.java,da54dec3.java,0.3934805604799774,0,conplag
63bfa731_949502c2,63bfa731.java,949502c2.java,0.5886715147291469,1,conplag
c04_orig_L2v04,original.java,compared.java,0.9009411870705258,1,ir_plag
49e94e7e_fcc7e8fa,49e94e7e.java,fcc7e8fa.java,0.5405607049451449,0,conplag
c01_orig_L1v07,original.java,compared.java,0.9908493622974819,1,ir_plag
3ff25f43_c287ea9d,3ff25f43.java,c287ea9d.java,0.3753451600683234,0,conplag
0889dcfb_22138fad,0889dcfb.java,22138fad.java,0.49172276854570046,0,conplag
9261620f_f0881ab5,9261620f.java,f0881ab5.java,1.0000000000000002,1,conplag
2eb89317_5f0a176e,2eb89317.java,5f0a176e.java,0.2429568848848958,0,conplag
18e2441c_792863db,18e2441c.java,792863db.java,0.5887384297471445,0,conplag
08cf0478_9291ca83,08cf0478.java,9291ca83.java,0.6969177364397925,1,conplag
c05_orig_np13,original.java,compared.java,0.47704408973283424,0,ir_plag
c04_orig_L3v05,original.java,compared.java,0.7432005551811992,1,ir_plag
c02_orig_np04,original.java,compared.java,0.7482571881601349,0,ir_plag
5f3a2a70_e7a997b5,5f3a2a70.java,e7a997b5.java,0.5254412012394695,0,conplag
c06_orig_L6v02,original.java,compared.java,0.7120675683129722,1,ir_plag
a4ec80a0_d314aa92,a4ec80a0.java,d314aa92.java,0.6402692355761013,0,conplag
d12f26f0_df594a00,d12f26f0.java,df594a00.java,0.587321227899359,0,conplag
31f29772_b728ba1d,31f29772.java,b728ba1d.java,0.6891285856867715,0,conplag
680ba922_ee4b9467,680ba922.java,ee4b9467.java,0.2616199022746254,0,conplag
c04_orig_L3v09,original.java,compared.java,0.5525510174721967,1,ir_plag
584b0e9e_c9159d9c,584b0e9e.java,c9159d9c.java,0.3664871319070273,0,conplag
0c9d4def_1a6f8b20,0c9d4def.java,1a6f8b20.java,0.5949755834046071,0,conplag
c01_orig_np10,original.java,compared.java,0.6724527692814873,0,ir_plag
c02_orig_np10,original.java,compared.java,0.8176818653566951,0,ir_plag
69b2fd22_764484c3,69b2fd22.java,764484c3.java,0.5119070367241719,0,conplag
0f09b843_45e41c6d,0f09b843.java,45e41c6d.java,0.547189124465475,0,conplag
cc669e02_d88fa51c,cc669e02.java,d88fa51c.java,0.6363345529943791,0,conplag
548ffb07_9ab3c0e1,548ffb07.java,9ab3c0e1.java,0.8217283308799268,1,conplag
c04_orig_L4v03,original.java,compared.java,0.5049693256634024,1,ir_plag
1410e423_da5cf40b,1410e423.java,da5cf40b.java,0.27919094620662577,0,conplag
c03_orig_L6v04,original.java,compared.java,0.7418389103831959,1,ir_plag
c04_orig_L1v05,original.java,compared.java,0.9333721117001845,1,ir_plag
53d782a0_5769b7b3,53d782a0.java,5769b7b3.java,0.9933569915977304,1,conplag
b9595381_c4ca2ff3,b9595381.java,c4ca2ff3.java,0.6667109289943258,0,conplag
c03_orig_L4v05,original.java,compared.java,0.7977076681716979,1,ir_plag
51cc7026_e81b2d16,51cc7026.java,e81b2d16.java,0.6278573641943059,1,conplag
c06_orig_L6v07,original.java,compared.java,0.6297451489375271,1,ir_plag
1162c08f_6bcc5afd,1162c08f.java,6bcc5afd.java,0.7201518475190036,1,conplag
c05_orig_L6v07,original.java,compared.java,0.40100655884604863,1,ir_plag
c34bb733_ea899386,c34bb733.java,ea899386.java,0.44890387585766905,0,conplag
24afd00e_279e274a,24afd00e.java,279e274a.java,0.3520929458062548,0,conplag
0588b869_69b2fd22,0588b869.java,69b2fd22.java,0.5746385886454575,0,conplag
c01_orig_L6v07,original.java,compared.java,0.6073619558705269,1,ir_plag
1162c08f_f6ca6fc8,1162c08f.java,f6ca6fc8.java,0.979344629559907,1,conplag
c04_orig_L4v06,original.java,compared.java,0.4524578180761898,1,ir_plag
28c2d81a_8f6421f3,28c2d81a.java,8f6421f3.java,0.41292791394136114,1,conplag
04ed33a5_7ea34254,04ed33a5.java,7ea34254.java,0.48411198027201646,0,conplag
2e1109d7_e7000ac2,2e1109d7.java,e7000ac2.java,1.0,1,conplag
69b2fd22_d221162a,69b2fd22.java,d221162a.java,0.407962126675669,0,conplag
10013f73_a8f7c8b7,10013f73.java,a8f7c8b7.java,0.4819367557567169,0,conplag
04df7bb8_1ea771ea,04df7bb8.java,1ea771ea.java,0.4922306152783705,1,conplag
07749c65_2bbf754b,07749c65.java,2bbf754b.java,0.37678137165224085,0,conplag
c04_orig_np03,original.java,compared.java,0.6893107266918154,0,ir_plag
c04_orig_L4v09,original.java,compared.java,0.5325147470016293,1,ir_plag
505f8562_ed37ba7d,505f8562.java,ed37ba7d.java,0.5352795543215201,0,conplag
a8f7c8b7_c1638a45,a8f7c8b7.java,c1638a45.java,0.324460551574236,0,conplag
2e404969_d76e3b9d,2e404969.java,d76e3b9d.java,0.35700299535744545,0,conplag
39098126_3bcd2014,39098126.java,3bcd2014.java,0.5200208687339188,0,conplag
20166f71_a98d56f9,20166f71.java,a98d56f9.java,0.6042217102532011,0,conplag
9310ad0c_f36138e7,9310ad0c.java,f36138e7.java,0.289225401242495,0,conplag
7c11511f_f3d7ce08,7c11511f.java,f3d7ce08.java,0.5864241089315381,0,conplag
07038b12_a18cb2c1,07038b12.java,a18cb2c1.java,0.5116417626176023,0,conplag
584b0e9e_d9199dfd,584b0e9e.java,d9199dfd.java,0.6415377266833785,1,conplag
49e94e7e_da5cf40b,49e94e7e.java,da5cf40b.java,0.4829475430633264,0,conplag
3088ca9c_f6ed6826,3088ca9c.java,f6ed6826.java,0.6353661484649086,0,conplag
11c2ab99_4f7af821,11c2ab99.java,4f7af821.java,0.44881984912389017,1,conplag
24044589_e435b1ac,24044589.java,e435b1ac.java,0.44626050289289204,0,conplag
07a0e4dc_bac616ee,07a0e4dc.java,bac616ee.java,0.5738646198648255,0,conplag
35f0c004_8d6f1bf5,35f0c004.java,8d6f1bf5.java,0.3491135666498148,0,conplag
c03_orig_L6v08,original.java,compared.java,0.8224155349125598,1,ir_plag
c01_orig_L1v05,original.java,compared.java,0.9846180132676041,1,ir_plag
49b94994_558df7d4,49b94994.java,558df7d4.java,0.7777174991355362,0,conplag
c07_orig_L4v09,original.java,compared.java,0.7548835530704756,1,ir_plag
c01_orig_L3v02,original.java,compared.java,0.9908493622974819,1,ir_plag
c02_orig_L4v09,original.java,compared.java,0.7213534482083345,1,ir_plag
c01_orig_L5v03,original.java,compared.java,0.541069150364548,1,ir_plag
2da4b3fe_3d06b643,2da4b3fe.java,3d06b643.java,0.5781115807709073,1,conplag
c02_orig_L1v02,original.java,compared.java,0.9910690992691685,1,ir_plag
1230c43e_ce0b2178,1230c43e.java,ce0b2178.java,0.48642078902716274,0,conplag
c03_orig_L1v02,original.java,compared.java,0.9960070754409853,1,ir_plag
c02_orig_L3v06,original.java,compared.java,0.5800177858565034,1,ir_plag
175201f9_40cc90ae,175201f9.java,40cc90ae.java,0.6545981489590538,0,conplag
4138b081_f729338f,4138b081.java,f729338f.java,0.39124182847262506,0,conplag
3dd65549_c1638a45,3dd65549.java,c1638a45.java,0.31248900942688923,0,conplag
c03_orig_np01,original.java,compared.java,0.7902947008726141,0,ir_plag
7686c854_8a729537,7686c854.java,8a729537.java,0.5670743610645828,1,conplag
5be7547e_cb032314,5be7547e.java,cb032314.java,0.5283633881353459,0,conplag
c02_orig_L6v05,original.java,compared.java,0.6451833360959863,1,ir_plag
80407703_99e059b8,80407703.java,99e059b8.java,0.5392248781735745,0,conplag
15941165_3b10bd6d,15941165.java,3b10bd6d.java,0.5324914778614169,0,conplag
51d857bc_c392efe7,51d857bc.java,c392efe7.java,0.542593184922413,0,conplag
c03_orig_L1v08,original.java,compared.java,0.9946896151457533,1,ir_plag
c05_orig_L5v06,original.java,compared.java,0.4586714641010354,1,ir_plag
4da08761_a5d5a95f,4da08761.java,a5d5a95f.java,0.49227564063758283,0,conplag
0df4050e_6f02c6d9,0df4050e.java,6f02c6d9.java,0.529627333913517,1,conplag
2b9dfed3_351c9206,2b9dfed3.java,351c9206.java,0.9999999999999996,1,conplag
c03_orig_L6v09,original.java,compared.java,0.7011231241399541,1,ir_plag
bdfe8110_fadc1365,bdfe8110.java,fadc1365.java,0.5486987498587582,1,conplag
c06_orig_L2v02,original.java,compared.java,0.7960710978075036,1,ir_plag
c03_orig_L4v09,original.java,compared.java,0.8393473458431391,1,ir_plag
1162c08f_a4d6775d,1162c08f.java,a4d6775d.java,0.6564444028649709,1,conplag
c04_orig_np02,original.java,compared.java,0.6480431451404216,0,ir_plag
c04_orig_L5v05,original.java,compared.java,0.6473464344882951,1,ir_plag
c02_orig_L5v01,original.java,compared.java,0.5347987856089262,1,ir_plag
c05_orig_L3v05,original.java,compared.java,0.5007155830298665,1,ir_plag
722e318f_c9159d9c,722e318f.java,c9159d9c.java,0.4659612501097615,0,conplag
c04_orig_L6v05,original.java,compared.java,0.5755877151928069,1,ir_plag
9028caf7_d221162a,9028caf7.java,d221162a.java,0.407962126675669,0,conplag
c05_orig_L1v09,original.java,compared.java,0.9864680412728396,1,ir_plag
c03_orig_L3v03,original.java,compared.java,0.9946896151457533,1,ir_plag
c03_orig_np11,original.java,compared.java,0.8701172424932855,0,ir_plag
53196443_e496d229,53196443.java,e496d229.java,0.8287879931952794,1,conplag
c01_orig_L6v01,original.java,compared.java,0.405223138294945,1,ir_plag
44428e63_9debf95c,44428e63.java,9debf95c.java,0.36727751116166224,0,conplag
11d91f31_eea69e7f,11d91f31.java,eea69e7f.java,0.45981779944184625,0,conplag
c01_orig_L3v04,original.java,compared.java,0.9878047345626988,1,ir_plag
8a5fe3d9_ea899386,8a5fe3d9.java,ea899386.java,0.5581982908596822,1,conplag
c04_orig_L6v06,original.java,compared.java,0.6136638025809859,1,ir_plag
c07_orig_L2v01,original.java,compared.java,0.8792962252393427,1,ir_plag
c07_orig_np15,original.java,compared.java,0.8564294709377046,0,ir_plag
921b6e4a_e7dce35b,921b6e4a.java,e7dce35b.java,0.8162206200291909,1,conplag
213340b3_35f0c004,213340b3.java,35f0c004.java,0.32792120798168783,0,conplag
c05_orig_L4v02,original.java,compared.java,0.4640242252262608,1,ir_plag
0fd5b95a_6490bbe8,0fd5b95a.java,6490bbe8.java,0.6549324841663259,0,conplag
3cf63146_bdfe8110,3cf63146.java,bdfe8110.java,0.6033659053890859,0,conplag
c04_orig_L4v01,original.java,compared.java,0.46325065168742807,1,ir_plag
c07_orig_L4v02,original.java,compared.java,0.7140802516026923,1,ir_plag
69b2fd22_d018b49f,69b2fd22.java,d018b49f.java,0.3984929167976292,0,conplag
c04_orig_L1v01,original.java,compared.java,0.9753007319068348,1,ir_plag
c03_orig_L1v03,original.java,compared.java,0.9960070754409853,1,ir_plag
aa8091b0_ac180326,aa8091b0.java,ac180326.java,0.4109365659381365,0,conplag
6f02c6d9_884f5678,6f02c6d9.java,884f5678.java,0.5268880578861271,1,conplag
c05_orig_L6v03,original.java,compared.java,0.9250371031170748,1,ir_plag
5dbd0a07_bdc08e6f,5dbd0a07.java,bdc08e6f.java,1.0000000000000002,1,conplag
d2a4c1fb_dcdaf666,d2a4c1fb.java,dcdaf666.java,0.35016575944517003,0,conplag
c04_orig_L1v03,original.java,compared.java,0.9815367291737416,1,ir_plag
c02_orig_np02,original.java,compared.java,0.670977375011193,0,ir_plag
8d6f1bf5_e90a198b,8d6f1bf5.java,e90a198b.java,0.46740667579964534,0,conplag
c01_orig_L6v09,original.java,compared.java,0.3186937640433576,1,ir_plag
14b0fb8e_8ddb5587,14b0fb8e.java,8ddb5587.java,0.4110056787182024,0,conplag
c01_orig_np04,original.java,compared.java,0.6712060793233448,0,ir_plag
26ad111c_b0a01ee7,26ad111c.java,b0a01ee7.java,0.4142590681842464,0,conplag
9069684f_bf85ab7b,9069684f.java,bf85ab7b.java,0.6250423561119557,0,conplag
7bc92b7f_9028caf7,7bc92b7f.java,9028caf7.java,0.6004608556423711,0,conplag
c03_orig_np15,original.java,compared.java,0.8842089653613999,0,ir_plag
701c3f35_d56bcb0c,701c3f35.java,d56bcb0c.java,0.28174348351210354,0,conplag
4212c4b9_829d2024,4212c4b9.java,829d2024.java,0.6361589624249102,1,conplag
016510dc_f1540246,016510dc.java,f1540246.java,0.3346308920859948,0,conplag
0b04b41e_9291ca83,0b04b41e.java,9291ca83.java,0.5659713356008705,1,conplag
a4e39423_ba8800f5,a4e39423.java,ba8800f5.java,0.47353681191537744,0,conplag
c02_orig_np11,original.java,compared.java,0.7262256479211765,0,ir_plag
9debf95c_ac596a43,9debf95c.java,ac596a43.java,1.0000000000000002,1,conplag
aa8091b0_eec856c0,aa8091b0.java,eec856c0.java,0.6278897177530759,1,conplag
2470b521_f6ca6fc8,2470b521.java,f6ca6fc8.java,0.7278410731786424,0,conplag
c07_orig_L2v08,original.java,compared.java,0.7329767074572966,1,ir_plag
04a706b1_5b7127bf,04a706b1.java,5b7127bf.java,0.5260617757303591,0,conplag
0b91922c_71a4f6d2,0b91922c.java,71a4f6d2.java,0.29512561883175653,0,conplag
065e0cbd_9b449b4f,065e0cbd.java,9b449b4f.java,0.7740888088665847,0,conplag
ca8f11a4_e19376ca,ca8f11a4.java,e19376ca.java,0.47345982170392603,0,conplag
c01_orig_np13,original.java,compared.java,0.9878047345626988,0,ir_plag
3afcc566_90dc2b20,3afcc566.java,90dc2b20.java,0.3195982444153621,0,conplag
778c91af_9399204d,778c91af.java,9399204d.java,0.5818767254535104,0,conplag
4d279121_a3e272af,4d279121.java,a3e272af.java,0.643502683492929,0,conplag
29210e56_4323e2bd,29210e56.java,4323e2bd.java,0.5653671023774751,0,conplag
c02_orig_L5v07,original.java,compared.java,0.6051175013465552,1,ir_plag
c01_orig_np07,original.java,compared.java,0.6478144195115403,0,ir_plag
1a400c1b_b505f95e,1a400c1b.java,b505f95e.java,0.6976462250259523,0,conplag
c05_orig_L1v04,original.java,compared.java,0.938303681971816,1,ir_plag
c06_orig_L2v08,original.java,compared.java,0.7558616349421591,1,ir_plag
16857116_e185bce5,16857116.java,e185bce5.java,0.5600497134364508,0,conplag
6f393cfe_b185d034,6f393cfe.java,b185d034.java,0.5288335639469198,0,conplag
54d7c21e_ad4c7a20,54d7c21e.java,ad4c7a20.java,0.9239170321654052,1,conplag
c02_orig_L5v08,original.java,compared.java,0.7176023541275458,1,ir_plag
c06_orig_np15,original.java,compared.java,0.6897184121892109,0,ir_plag
c06_orig_L4v04,original.java,compared.java,0.5759644956857956,1,ir_plag
00af3420_d92c5342,00af3420.java,d92c5342.java,0.5292100460045717,0,conplag
9069684f_fffc11ee,9069684f.java,fffc11ee.java,0.3868102777087648,0,conplag
3850468c_403e3270,3850468c.java,403e3270.java,0.3343757625746377,0,conplag
c03_orig_L1v04,original.java,compared.java,0.9919729253557834,1,ir_plag
853acff9_929b98f0,853acff9.java,929b98f0.java,0.20371711282269075,0,conplag
4323e2bd_ebd8ff55,4323e2bd.java,ebd8ff55.java,0.661818595414817,0,conplag
3368f340_a8f7c8b7,3368f340.java,a8f7c8b7.java,0.5109304523087704,1,conplag
608ee4fb_be7b6026,608ee4fb.java,be7b6026.java,0.4469360495456628,0,conplag
4a570de6_6c4ac8d3,4a570de6.java,6c4ac8d3.java,0.4704657043654622,0,conplag
08cf0478_0f14b12d,08cf0478.java,0f14b12d.java,0.5877786402589249,0,conplag
c06_orig_L6v03,original.java,compared.java,0.699583363887213,1,ir_plag
49e94e7e_f3d7ce08,49e94e7e.java,f3d7ce08.java,0.5021080020710484,0,conplag
9f354c5c_a6532df9,9f354c5c.java,a6532df9.java,0.44590219311063123,0,conplag
04df7bb8_aaccc000,04df7bb8.java,aaccc000.java,0.5368165649743689,1,conplag
c9da41af_f59d9b6e,c9da41af.java,f59d9b6e.java,0.8223722760347847,1,conplag
4548305b_be3b1289,4548305b.java,be3b1289.java,0.5094543776626064,1,conplag
c02_orig_L3v03,original.java,compared.java,0.7861342845938551,1,ir_plag
c01_orig_L2v03,original.java,compared.java,0.9878047345626988,1,ir_plag
8c591975_b6724dd9,8c591975.java,b6724dd9.java,0.3070579539367674,0,conplag
80881cae_a7e7f371,80881cae.java,a7e7f371.java,0.9200455579056848,1,conplag
4da08761_6f393cfe,4da08761.java,6f393cfe.java,0.5883640609645001,0,conplag
11373c16_d8e4eb5e,11373c16.java,d8e4eb5e.java,0.5667285191414512,0,conplag
c02_orig_L1v03,original.java,compared.java,0.9910690992691685,1,ir_plag
c04_orig_L4v05,original.java,compared.java,0.6806465476990017,1,ir_plag
26e699de_3dd65549,26e699de.java,3dd65549.java,0.5413225131468289,0,conplag
4ea10951_7c11511f,4ea10951.java,7c11511f.java,0.3626861828820897,0,conplag
22b41936_45f5632f,22b41936.java,45f5632f.java,0.6094747422163833,0,conplag
c01_orig_L2v01,original.java,compared.java,0.9878047345626988,1,ir_plag
c01_orig_L5v05,original.java,compared.java,0.6073619558705269,1,ir_plag
0d4d22e0_f898cee0,0d4d22e0.java,f898cee0.java,0.6314041497255442,0,conplag
22b41936_8f855b99,22b41936.java,8f855b99.java,0.5267622164061179,0,conplag
550335a3_6d7d5dd7,550335a3.java,6d7d5dd7.java,0.3798571292099646,0,conplag
c06_orig_L6v05,original.java,compared.java,0.7310182959256696,1,ir_plag
60557643_948e98b6,60557643.java,948e98b6.java,0.46403844545209183,0,conplag
c07_orig_L2v06,original.java,compared.java,0.9349290757636288,1,ir_plag
3a12e509_6de04ee2,3a12e509.java,6de04ee2.java,0.5265775520458553,0,conplag
e1c4f3db_e81b2d16,e1c4f3db.java,e81b2d16.java,0.6333950965135663,1,conplag
0fdc80c5_28c2d81a,0fdc80c5.java,28c2d81a.java,0.49453615795778927,1,conplag
1c8bb204_4b7646f4,1c8bb204.java,4b7646f4.java,1.0,1,conplag
1ea771ea_b9219544,1ea771ea.java,b9219544.java,0.5591481054507204,0,conplag
2da4b3fe_f4b87cc2,2da4b3fe.java,f4b87cc2.java,0.6202927391932688,0,conplag
464a03b8_c9159d9c,464a03b8.java,c9159d9c.java,0.6292821910550896,0,conplag
c05_orig_L3v03,original.java,compared.java,0.9375740454548365,1,ir_plag
c03_orig_np02,original.java,compared.java,0.7215043189844018,0,ir_plag
17e67976_656b62de,17e67976.java,656b62de.java,0.6422667910887481,0,conplag
ba468e1f_ff34fab2,ba468e1f.java,ff34fab2.java,0.5505059218972339,0,conplag
c03_orig_np05,original.java,compared.java,0.7726241647130393,0,ir_plag
c05_orig_np07,original.java,compared.java,0.8262827983173963,0,ir_plag
6255ee79_ac8ef97c,6255ee79.java,ac8ef97c.java,0.2993227031547658,0,conplag
c06_orig_L6v04,original.java,compared.java,0.45132308347836714,1,ir_plag
35bb6075_42fe7dd0,35bb6075.java,42fe7dd0.java,0.4950959881980065,0,conplag
0f14b12d_7d12d33c,0f14b12d.java,7d12d33c.java,0.9677828157272308,1,conplag
0d11fb94_8c79c384,0d11fb94.java,8c79c384.java,0.46177045829536273,0,conplag
25597bcb_5fcbdd19,25597bcb.java,5fcbdd19.java,0.3599750893360556,0,conplag
c07_orig_L3v01,original.java,compared.java,0.8792962252393427,1,ir_plag
2120328e_52cd85f2,2120328e.java,52cd85f2.java,0.6295036278266049,0,conplag
c07_orig_L6v05,original.java,compared.java,0.8377313985559222,1,ir_plag
646b3abc_8261bd1c,646b3abc.java,8261bd1c.java,0.464490588580589,0,conplag
1adac634_ee0bc145,1adac634.java,ee0bc145.java,0.3050324911390816,0,conplag
5288afb7_df594a00,5288afb7.java,df594a00.java,0.4425376608511544,0,conplag
317a209c_9ab3c0e1,317a209c.java,9ab3c0e1.java,0.8300074104304728,1,conplag
a60fba84_c695a974,a60fba84.java,c695a974.java,0.3432592246458098,0,conplag
c05_orig_L3v06,original.java,compared.java,0.4594108866067138,1,ir_plag
29210e56_c4cdd3af,29210e56.java,c4cdd3af.java,0.48152941192463594,0,conplag
8f30bfc3_af1b152e,8f30bfc3.java,af1b152e.java,0.9994716897950298,1,conplag
169e34bf_609af028,169e34bf.java,609af028.java,0.6065858709937417,0,conplag
63118334_c392efe7,63118334.java,c392efe7.java,0.4327749092453289,0,conplag
161b4a40_da5cf40b,161b4a40.java,da5cf40b.java,0.3939291745094032,0,conplag
c07_orig_L5v05,original.java,compared.java,0.8377313985559222,1,ir_plag
120878da_ac180326,120878da.java,ac180326.java,0.4754449073386864,0,conplag
0d11fb94_f9e08a46,0d11fb94.java,f9e08a46.java,0.36666380654026726,0,conplag
81fb6415_fb69b3b4,81fb6415.java,fb69b3b4.java,0.7462071585793485,0,conplag
c01_orig_np05,original.java,compared.java,0.6712060793233448,0,ir_plag
c04_orig_np09,original.java,compared.java,0.7234668345691958,0,ir_plag
1f257299_76b978c2,1f257299.java,76b978c2.java,0.6217718557948791,0,conplag
c07_orig_L3v08,original.java,compared.java,0.6591142429453024,1,ir_plag
24b20554_43b10dec,24b20554.java,43b10dec.java,0.5526703792086678,1,conplag
45f46b14_7b162d33,45f46b14.java,7b162d33.java,0.47262644656591446,1,conplag
b7de5c19_c022c315,b7de5c19.java,c022c315.java,0.5356296829362354,0,conplag
b7de5c19_ee65f7f5,b7de5c19.java,ee65f7f5.java,0.5282141073732991,0,conplag
929b98f0_bf85ab7b,929b98f0.java,bf85ab7b.java,0.32522773151892365,0,conplag
c06_orig_L3v03,original.java,compared.java,0.7934444469527835,1,ir_plag
c05_orig_L1v03,original.java,compared.java,0.9898504817290371,1,ir_plag
c06_orig_L2v05,original.java,compared.java,0.6605400429701619,1,ir_plag
16857116_6e207cbf,16857116.java,6e207cbf.java,0.6160862944785797,0,conplag
28d8c381_417833c3,28d8c381.java,417833c3.java,0.446742078867415,0,conplag
1c90c367_f0801d53,1c90c367.java,f0801d53.java,0.4041325023566419,1,conplag
c01_orig_np01,original.java,compared.java,0.6712060793233448,0,ir_plag
c05_orig_L4v06,original.java,compared.java,0.48384214821295446,1,ir_plag
c02_orig_np08,original.java,compared.java,0.8323958725525,0,ir_plag
7d7cf9a7_e45446bc,7d7cf9a7.java,e45446bc.java,0.37396174259656567,0,conplag
c03_orig_L6v07,original.java,compared.java,0.9077722532439726,1,ir_plag
73f1c5f5_da0b7cb2,73f1c5f5.java,da0b7cb2.java,0.42617226050713897,0,conplag
21123500_fbd26aa0,21123500.java,fbd26aa0.java,1.0,1,conplag
1b372750_fdd41565,1b372750.java,fdd41565.java,0.5522314388764465,1,conplag
4da08761_c4ca2ff3,4da08761.java,c4ca2ff3.java,0.7593577618196613,1,conplag
46e9aed4_8ddb5587,46e9aed4.java,8ddb5587.java,0.5293663976855714,0,conplag
35eb27da_64ce7b1e,35eb27da.java,64ce7b1e.java,0.3552296790667313,0,conplag
884f5678_cf27732e,884f5678.java,cf27732e.java,0.5440762135724226,0,conplag
55ab9b5d_c6113c06,55ab9b5d.java,c6113c06.java,0.9417015944221194,1,conplag
927384f2_b2bae06a,927384f2.java,b2bae06a.java,0.7826737663383536,1,conplag
c05_orig_L3v09,original.java,compared.java,0.8306251203910444,1,ir_plag
9028caf7_a4e39423,9028caf7.java,a4e39423.java,0.5127908247611964,0,conplag
5289e80a_d82fa7e3,5289e80a.java,d82fa7e3.java,0.5595426093241177,0,conplag
c06_orig_L6v06,original.java,compared.java,0.5993164979931759,1,ir_plag
c03_orig_L4v08,original.java,compared.java,0.8260324985691623,1,ir_plag
35bb6075_ed728769,35bb6075.java,ed728769.java,0.6057933118724783,0,conplag
69b2fd22_e6b7a899,69b2fd22.java,e6b7a899.java,0.4506036216050571,0,conplag
c05_orig_np11,original.java,compared.java,0.6838466529702342,0,ir_plag
624b8db5_eacc407e,624b8db5.java,eacc407e.java,0.4913511288276209,0,conplag
29cb9b0e_d3da65ff,29cb9b0e.java,d3da65ff.java,1.0000000000000002,1,conplag
c04_orig_L5v03,original.java,compared.java,0.53631528642831,1,ir_plag
c01_orig_L3v06,original.java,compared.java,0.9878047345626988,1,ir_plag
2695ce73_ac8acb97,2695ce73.java,ac8acb97.java,0.48066996392996936,1,conplag
90dc2b20_f229aa7f,90dc2b20.java,f229aa7f.java,0.29719714005622927,0,conplag
eea69e7f_f6ca6fc8,eea69e7f.java,f6ca6fc8.java,0.4946967592205383,0,conplag
372a4f50_e435b1ac,372a4f50.java,e435b1ac.java,0.3430187490847506,0,conplag
c05_orig_L4v03,original.java,compared.java,0.943572071272034,1,ir_plag
c06_orig_L1v04,original.java,compared.java,0.950773726040076,1,ir_plag
132281e9_f415c0bf,132281e9.java,f415c0bf.java,0.5349693304787103,1,conplag
0e87b87f_6369a7a2,0e87b87f.java,6369a7a2.java,0.06124465994932338,0,conplag
c01_orig_L3v05,original.java,compared.java,0.6195258932589726,1,ir_plag
c06_orig_L3v06,original.java,compared.java,0.7407132661173761,1,ir_plag
c02_orig_L6v02,original.java,compared.java,0.7446758624081313,1,ir_plag
73f57af1_ac8ef97c,73f57af1.java,ac8ef97c.java,0.36999317233888557,0,conplag
c07_orig_L6v01,original.java,compared.java,0.7635103380445923,1,ir_plag
7279bcb3_cfba313d,7279bcb3.java,cfba313d.java,0.5038506882705275,1,conplag
a5d5a95f_c4ca2ff3,a5d5a95f.java,c4ca2ff3.java,0.5601968773778551,0,conplag
1500a4fa_d7a8434f,1500a4fa.java,d7a8434f.java,0.5308942107882967,0,conplag
2b7b2d45_a0b406e6,2b7b2d45.java,a0b406e6.java,0.5269919686632274,1,conplag
c02_orig_L5v03,original.java,compared.java,0.7688254984350303,1,ir_plag
c06_orig_L5v01,original.java,compared.java,0.6356792912130641,1,ir_plag
72d4d693_ad2a1ae2,72d4d693.java,ad2a1ae2.java,0.4381341075801984,0,conplag
c287ea9d_d2901569,c287ea9d.java,d2901569.java,0.23673164910043296,0,conplag
c02_orig_np03,original.java,compared.java,0.8743352965189423,0,ir_plag
4e5ee0f7_d6fb3b9e,4e5ee0f7.java,d6fb3b9e.java,0.6111589841938428,0,conplag
1162c08f_734a94be,1162c08f.java,734a94be.java,0.7284885311646153,1,conplag
0588b869_11373c16,0588b869.java,11373c16.java,0.6607302294786023,0,conplag
c04_orig_L6v09,original.java,compared.java,0.39341394821437303,1,ir_plag
c05_orig_np09,original.java,compared.java,0.6477770827711892,0,ir_plag
c73cd266_d2eb953e,c73cd266.java,d2eb953e.java,0.41181038280382876,0,conplag
c04_orig_L1v07,original.java,compared.java,0.9815367291737416,1,ir_plag
6bcc5afd_cb87df79,6bcc5afd.java,cb87df79.java,0.7324269589432577,1,conplag
29cf2e70_2f4509a0,29cf2e70.java,2f4509a0.java,0.5416554513743684,1,conplag
e185bce5_f3d7ce08,e185bce5.java,f3d7ce08.java,0.579018005650822,0,conplag
c04_orig_L1v09,original.java,compared.java,0.9753007319068348,1,ir_plag
169e34bf_ba468e1f,169e34bf.java,ba468e1f.java,0.5873380965882677,0,conplag
9fc811f7_cff39394,9fc811f7.java,cff39394.java,0.7794445320957937,1,conplag
c06_orig_L2v07,original.java,compared.java,0.6897184121892109,1,ir_plag
3951966f_b842cf12,3951966f.java,b842cf12.java,0.7831236864806216,0,conplag
0ee2f8f1_c2b7b017,0ee2f8f1.java,c2b7b017.java,0.41818150784528874,1,conplag
c07_orig_L4v08,original.java,compared.java,0.8281375581643243,1,ir_plag
c05_orig_L4v08,original.java,compared.java,0.4260857149808237,1,ir_plag
40cc90ae_9399204d,40cc90ae.java,9399204d.java,0.6482527448974158,0,conplag
c06_orig_np10,original.java,compared.java,0.6963679178608414,0,ir_plag
3dd65549_90dc2b20,3dd65549.java,90dc2b20.java,0.4151032308846133,0,conplag
317a209c_548ffb07,317a209c.java,548ffb07.java,0.9853370419484939,1,conplag
c02_orig_L6v09,original.java,compared.java,0.6382639864595099,1,ir_plag
3b498a39_e6b7a899,3b498a39.java,e6b7a899.java,0.6692411685331309,0,conplag
4da08761_d6fb3b9e,4da08761.java,d6fb3b9e.java,0.5733133331314362,0,conplag
bf0df1d5_d1cd194e,bf0df1d5.java,d1cd194e.java,0.6385582541119657,0,conplag
c01_orig_L1v01,original.java,compared.java,0.9878047345626988,1,ir_plag
c02_orig_np12,original.java,compared.java,0.8705503048178386,0,ir_plag
7d9b95c0_9d33ca79,7d9b95c0.java,9d33ca79.java,0.45027961770677094,0,conplag
6f02c6d9_c9159d9c,6f02c6d9.java,c9159d9c.java,0.6092833435903329,0,conplag
6de04ee2_d9199dfd,6de04ee2.java,d9199dfd.java,0.47520504807789926,0,conplag
169e34bf_c9159d9c,169e34bf.java,c9159d9c.java,0.5920058843457819,0,conplag
8535bdf7_e86eb5b0,8535bdf7.java,e86eb5b0.java,0.4460537734199183,0,conplag
98950986_b9595381,98950986.java,b9595381.java,0.5738319259863658,0,conplag
c04_orig_np12,original.java,compared.java,0.603995073800766,0,ir_plag
c05_orig_L6v06,original.java,compared.java,0.41749161796612094,1,ir_plag
c05_orig_L6v05,original.java,compared.java,0.5367302426781237,1,ir_plag
d9199dfd_fb312dc6,d9199dfd.java,fb312dc6.java,0.5364806283536223,1,conplag
04df7bb8_ee270b2a,04df7bb8.java,ee270b2a.java,0.47042460426278676,1,conplag
9cea10af_d63e6e3f,9cea10af.java,d63e6e3f.java,0.40676727243841404,0,conplag
2f8c3bf3_a3abac01,2f8c3bf3.java,a3abac01.java,0.655896788074694,1,conplag
c01_orig_L1v08,original.java,compared.java,0.9878047345626988,1,ir_plag
c07_orig_L3v07,original.java,compared.java,0.8061286563475367,1,ir_plag
810fd282_ec558d69,810fd282.java,ec558d69.java,0.7632975102883909,1,conplag
1dab88fb_b7de5c19,1dab88fb.java,b7de5c19.java,0.5654184401590099,0,conplag
8532d5ed_b9595381,8532d5ed.java,b9595381.java,0.5468312215706196,0,conplag
c03_orig_np04,original.java,compared.java,0.9416256677244959,0,ir_plag
c07_orig_L4v01,original.java,compared.java,0.8733022680665536,1,ir_plag
a368f345_b434c275,a368f345.java,b434c275.java,0.5335820782104069,0,conplag
c03_orig_L3v07,original.java,compared.java,0.7363500344204489,1,ir_plag
b790ef12_ff34fab2,b790ef12.java,ff34fab2.java,0.5724196949243031,0,conplag
b434c275_fdc4f384,b434c275.java,fdc4f384.java,0.9700289343045793,1,conplag
c03_orig_L2v03,original.java,compared.java,0.9182332692235242,1,ir_plag
c06_orig_L6v08,original.java,compared.java,0.5937342431750442,1,ir_plag
35bb6075_76a69f5c,35bb6075.java,76a69f5c.java,0.5403205353323981,0,conplag
c03_orig_L2v09,original.java,compared.java,0.8751430271064372,1,ir_plag
c03_orig_L5v04,original.java,compared.java,0.9202507207011503,1,ir_plag
b728ba1d_d04e5afb,b728ba1d.java,d04e5afb.java,1.0,1,conplag
884f5678_9862c742,884f5678.java,9862c742.java,0.5029800639841019,0,conplag
9ed0ece8_c48673a6,9ed0ece8.java,c48673a6.java,0.3730914388147883,0,conplag
28820c82_8637bb90,28820c82.java,8637bb90.java,0.46561527019600424,0,conplag
4a5b029f_fb05904c,4a5b029f.java,fb05904c.java,0.30929585781020835,0,conplag
90dc2b20_d8a171a3,90dc2b20.java,d8a171a3.java,0.4101306068061996,0,conplag
9e7551da_f0e13442,9e7551da.java,f0e13442.java,1.0000000000000002,1,conplag
c03_orig_np14,original.java,compared.java,0.9001257311306585,0,ir_plag
3d88acb8_8aadde13,3d88acb8.java,8aadde13.java,0.7586216964384497,1,conplag
c07_orig_L2v04,original.java,compared.java,0.890250444925162,1,ir_plag
01c915a2_4e5ee0f7,01c915a2.java,4e5ee0f7.java,0.5718490814492727,0,conplag
c01_orig_L4v05,original.java,compared.java,0.9544676355984257,1,ir_plag
c06_orig_np06,original.java,compared.java,0.6897184121892109,0,ir_plag
7011024d_e6b7a899,7011024d.java,e6b7a899.java,0.4665919728825353,0,conplag
c02_orig_np13,original.java,compared.java,0.8430367135631299,0,ir_plag
46bde295_8a858867,46bde295.java,8a858867.java,0.7858402788736031,1,conplag
aa266c38_b5fbe7a2,aa266c38.java,b5fbe7a2.java,0.7699925213470921,1,conplag
1f748faf_851fafb6,1f748faf.java,851fafb6.java,0.4678961096696881,0,conplag
25151980_3b5cec19,25151980.java,3b5cec19.java,0.6030781379909629,0,conplag
2f8c3bf3_3c667d4f,2f8c3bf3.java,3c667d4f.java,0.43134371365210816,0,conplag
c03_orig_L5v06,original.java,compared.java,0.7555047541978037,1,ir_plag
4dc0247e_875ed4c8,4dc0247e.java,875ed4c8.java,0.5145233839348157,0,conplag
c02_orig_L4v02,original.java,compared.java,0.7247808152901929,1,ir_plag
c02_orig_np01,original.java,compared.java,0.8595633142245401,0,ir_plag
5f3a196a_d76e3b9d,5f3a196a.java,d76e3b9d.java,0.4068413953400807,0,conplag
476e94d3_9310ad0c,476e94d3.java,9310ad0c.java,0.3933019553302296,0,conplag
2915ac5b_9b8c6bd7,2915ac5b.java,9b8c6bd7.java,0.8444040418280873,1,conplag
4201fdf7_93322168,4201fdf7.java,93322168.java,0.4566629676633412,0,conplag
c03_orig_L4v04,original.java,compared.java,0.8781456575587915,1,ir_plag
c05_orig_np03,original.java,compared.java,0.6687940695482886,0,ir_plag
38129877_7493a104,38129877.java,7493a104.java,1.0000000000000002,1,conplag
51019113_bf85ab7b,51019113.java,bf85ab7b.java,0.6032902518683029,0,conplag
4e28b45e_fc1771af,4e28b45e.java,fc1771af.java,0.40612884775096203,0,conplag
089b7f00_fb20d298,089b7f00.java,fb20d298.java,0.7223279271792945,1,conplag
0df4050e_d9199dfd,0df4050e.java,d9199dfd.java,0.604512818260365,1,conplag
55ab9b5d_ae4d5b49,55ab9b5d.java,ae4d5b49.java,0.4687129970684706,0,conplag
c01_orig_L6v06,original.java,compared.java,0.7056954645132918,1,ir_plag
2c7a0000_4201fdf7,2c7a0000.java,4201fdf7.java,0.8776437870209891,1,conplag
29cf2e70_72d9eb5b,29cf2e70.java,72d9eb5b.java,1.0,1,conplag
26e699de_e99c14b9,26e699de.java,e99c14b9.java,0.5396730050940414,0,conplag
0951d079_71a4f6d2,0951d079.java,71a4f6d2.java,0.4889059222472601,1,conplag
8a39dbf5_ff3283cf,8a39dbf5.java,ff3283cf.java,1.0000000000000002,1,conplag
2bda1866_e4ab72e5,2bda1866.java,e4ab72e5.java,0.4594298678310942,0,conplag
317a209c_3e6def38,317a209c.java,3e6def38.java,1.0,1,conplag
c06_orig_L2v06,original.java,compared.java,0.7934444469527835,1,ir_plag
9291ca83_d61f51c5,9291ca83.java,d61f51c5.java,0.6597909584645418,0,conplag
c02_orig_L3v09,original.java,compared.java,0.7653448463116137,1,ir_plag
5a81e159_d82fa7e3,5a81e159.java,d82fa7e3.java,0.3974887244260157,0,conplag
38601291_3bcd2014,38601291.java,3bcd2014.java,0.587816732309691,0,conplag
d9199dfd_ff1fc018,d9199dfd.java,ff1fc018.java,0.516923491115646,0,conplag
c03_orig_L1v01,original.java,compared.java,0.9946896151457533,1,ir_plag
c01_orig_L4v04,original.java,compared.java,0.7680833230898475,1,ir_plag
3951966f_9bc690ef,3951966f.java,9bc690ef.java,0.6847311881610496,0,conplag
c05_orig_L2v02,original.java,compared.java,0.43546905266731056,1,ir_plag
c4ca2ff3_d83f74f7,c4ca2ff3.java,d83f74f7.java,0.7023892907234419,0,conplag
3afcc566_fcc7e8fa,3afcc566.java,fcc7e8fa.java,0.47848156281256454,0,conplag
00af3420_5449d33c,00af3420.java,5449d33c.java,0.5217915667598937,0,conplag
8be61667_ca3128ab,8be61667.java,ca3128ab.java,0.4813371514135648,0,conplag
0951d079_0ecf356d,0951d079.java,0ecf356d.java,0.518376331101246,1,conplag
c02_orig_L2v07,original.java,compared.java,0.9114418467675667,1,ir_plag
c04_orig_np05,original.java,compared.java,0.6008733480525815,0,ir_plag
c01_orig_L3v03,original.java,compared.java,0.9846180132676041,1,ir_plag
8782922d_f5f97f19,8782922d.java,f5f97f19.java,0.23716935626227528,0,conplag
3380fa52_48993e07,3380fa52.java,48993e07.java,0.7190289885855083,1,conplag
c01_orig_L2v02,original.java,compared.java,0.9908493622974819,1,ir_plag
80881cae_ad4c7a20,80881cae.java,ad4c7a20.java,0.9130580580197716,1,conplag
3380fa52_f28b8cb4,3380fa52.java,f28b8cb4.java,0.662536179435165,1,conplag
c01_orig_np11,original.java,compared.java,0.6712060793233448,0,ir_plag
51d88c51_c2b7b017,51d88c51.java,c2b7b017.java,0.5418538279787196,1,conplag
c01_orig_np06,original.java,compared.java,0.6712060793233448,0,ir_plag
3d06b643_930dd1f1,3d06b643.java,930dd1f1.java,0.6380233898689778,0,conplag
927384f2_d4779c71,927384f2.java,d4779c71.java,0.30917357681769897,0,conplag
c05_orig_L4v04,original.java,compared.java,0.9396040917546786,1,ir_plag
c02_orig_L2v03,original.java,compared.java,0.8759536089498331,1,ir_plag
6d55e68b_d8a171a3,6d55e68b.java,d8a171a3.java,0.3398065196098868,0,conplag
00c0b82a_1ea771ea,00c0b82a.java,1ea771ea.java,0.6281202447640699,0,conplag
5b9a0551_db1ef8b3,5b9a0551.java,db1ef8b3.java,0.5930040909671671,0,conplag
01c915a2_480de7be,01c915a2.java,480de7be.java,0.4873490924703575,0,conplag
45b19e51_f9adc043,45b19e51.java,f9adc043.java,0.3486372186103311,0,conplag
c07_orig_L1v07,original.java,compared.java,0.9864680412728394,1,ir_plag
2db37cb1_875ed4c8,2db37cb1.java,875ed4c8.java,0.6882196560967341,0,conplag
c04_orig_L3v07,original.java,compared.java,0.5063110811767793,1,ir_plag
4552d8a0_ec4c7e8e,4552d8a0.java,ec4c7e8e.java,0.4224630195394278,0,conplag
c04_orig_L2v09,original.java,compared.java,0.5525510174721967,1,ir_plag
a0b406e6_c9b4bb51,a0b406e6.java,c9b4bb51.java,0.5399811421148434,0,conplag
6f02c6d9_d3a96420,6f02c6d9.java,d3a96420.java,0.6546323979646547,0,conplag
949502c2_9fc811f7,949502c2.java,9fc811f7.java,0.6031680068934288,1,conplag
10584086_f229aa7f,10584086.java,f229aa7f.java,0.30500719052715547,0,conplag
c9159d9c_d3a96420,c9159d9c.java,d3a96420.java,0.5488421749234847,0,conplag
8639f6c6_e18ae6a1,8639f6c6.java,e18ae6a1.java,0.5904635870874858,0,conplag
c04_orig_L5v02,original.java,compared.java,0.4984442548384532,1,ir_plag
c07_orig_L4v04,original.java,compared.java,0.7803584369123326,1,ir_plag
3e6def38_e7dce35b,3e6def38.java,e7dce35b.java,0.8235715779957794,1,conplag
11c2ab99_e6a6e318,11c2ab99.java,e6a6e318.java,0.5445852054256243,1,conplag
ca3128ab_e270e909,ca3128ab.java,e270e909.java,0.46802010031586405,0,conplag
141effef_9cea10af,141effef.java,9cea10af.java,0.5917081335774588,0,conplag
26e699de_f229aa7f,26e699de.java,f229aa7f.java,0.39349831548772185,0,conplag
9862c742_d9199dfd,9862c742.java,d9199dfd.java,0.5487318717838587,0,conplag
aa4b840f_e99c14b9,aa4b840f.java,e99c14b9.java,0.28511837482548386,0,conplag
c02_orig_L5v04,original.java,compared.java,0.819638695220746,1,ir_plag
c07_orig_L4v07,original.java,compared.java,0.7866443331144706,1,ir_plag
8f6421f3_ea2fc2bc,8f6421f3.java,ea2fc2bc.java,0.47696652135939926,1,conplag
085ddefc_1500a4fa,085ddefc.java,1500a4fa.java,0.6539878999879412,0,conplag
c06_orig_L1v03,original.java,compared.java,0.9824099769158057,1,ir_plag
8f6421f3_bdfe8110,8f6421f3.java,bdfe8110.java,0.4718486629479799,1,conplag
c06_orig_L2v01,original.java,compared.java,0.7138818435287964,1,ir_plag
4e9c4bf9_7011024d,4e9c4bf9.java,7011024d.java,0.6648382139841055,0,conplag
c06_orig_L6v01,original.java,compared.java,0.6499972537111522,1,ir_plag
c04_orig_L2v05,original.java,compared.java,0.7432005551811992,1,ir_plag
46e9aed4_7011024d,46e9aed4.java,7011024d.java,0.43737865633594275,0,conplag
c05_orig_L3v07,original.java,compared.java,0.46036231678749984,1,ir_plag
c04_orig_L1v08,original.java,compared.java,0.9753007319068348,1,ir_plag
c03_orig_L3v01,original.java,compared.java,0.8074236981804042,1,ir_plag
0922b7e7_d1cd194e,0922b7e7.java,d1cd194e.java,0.3901578502828473,0,conplag
c03_orig_L5v02,original.java,compared.java,0.8281441951940807,1,ir_plag
339fdc7f_6be4dcef,339fdc7f.java,6be4dcef.java,0.4213967350646602,0,conplag
67241a76_8a39dbf5,67241a76.java,8a39dbf5.java,0.5342406941514318,0,conplag
0d4d22e0_d20e861b,0d4d22e0.java,d20e861b.java,0.4725274086853626,0,conplag
3d06b643_db7f80a5,3d06b643.java,db7f80a5.java,0.43339187968248416,1,conplag
c01_orig_L1v04,original.java,compared.java,1.0000000000000004,1,ir_plag
3380fa52_8a39dbf5,3380fa52.java,8a39dbf5.java,0.5443237451658003,0,conplag
ae4d5b49_f665e87b,ae4d5b49.java,f665e87b.java,0.3747235026979431,0,conplag
31cdf5fe_f0801d53,31cdf5fe.java,f0801d53.java,0.2831152752540404,0,conplag
8f31b279_d2f74dfc,8f31b279.java,d2f74dfc.java,0.46347015375079176,0,conplag
480de7be_f4757480,480de7be.java,f4757480.java,0.8580142060541107,1,conplag
c06_orig_L4v09,original.java,compared.java,0.6617052266223479,1,ir_plag
30e0cc81_b55888de,30e0cc81.java,b55888de.java,0.5014813402935302,0,conplag
54d7c21e_a7e7f371,54d7c21e.java,a7e7f371.java,0.9911355877900632,1,conplag
29cf2e70_584b0e9e,29cf2e70.java,584b0e9e.java,0.49008944460732023,1,conplag
1dab88fb_f59d9b6e,1dab88fb.java,f59d9b6e.java,0.8951115762799106,1,conplag
4eac0eea_f4d6d28d,4eac0eea.java,f4d6d28d.java,1.0000000000000002,1,conplag
bd65846f_d018b49f,bd65846f.java,d018b49f.java,0.3621388885073512,0,conplag
3e6def38_548ffb07,3e6def38.java,548ffb07.java,0.9853370419484939,1,conplag
0cedec8a_ac8acb97,0cedec8a.java,ac8acb97.java,0.5625541571403881,1,conplag
5c54f087_c6c7fa0c,5c54f087.java,c6c7fa0c.java,0.40389481910701486,0,conplag
0ecf356d_71a4f6d2,0ecf356d.java,71a4f6d2.java,0.4851909476951732,1,conplag
3a12e509_fae0662f,3a12e509.java,fae0662f.java,0.473635601796648,0,conplag
c04_orig_L6v07,original.java,compared.java,0.3357117655025041,1,ir_plag
829d2024_9852706b,829d2024.java,9852706b.java,0.6366820671787901,1,conplag
80881cae_9555b9d1,80881cae.java,9555b9d1.java,0.3594374477204325,0,conplag
3f939694_54488276,3f939694.java,54488276.java,0.5391788010393186,0,conplag
c02_orig_L6v06,original.java,compared.java,0.5738517011792206,1,ir_plag
643e22cc_bd7281dc,643e22cc.java,bd7281dc.java,0.5645144855904152,0,conplag
c04_orig_L3v02,original.java,compared.java,0.561024557915093,1,ir_plag
1480a727_a7d1ce58,1480a727.java,a7d1ce58.java,0.3781657828047474,1,conplag
45e38fad_5be7547e,45e38fad.java,5be7547e.java,0.5352523247761153,0,conplag
71c7ac71_bdfe8110,71c7ac71.java,bdfe8110.java,0.45665443510336273,0,conplag
5ee4d2f9_b38468e8,5ee4d2f9.java,b38468e8.java,0.331441511419925,0,conplag
3d06b643_cb87df79,3d06b643.java,cb87df79.java,0.6670979364998347,1,conplag
722e318f_b790ef12,722e318f.java,b790ef12.java,0.5050011334912677,1,conplag
c03_orig_L4v07,original.java,compared.java,0.910426938086102,1,ir_plag
8a39dbf5_e1a5831a,8a39dbf5.java,e1a5831a.java,0.4766499303792487,0,conplag
529d9642_8ad1ad84,529d9642.java,8ad1ad84.java,0.42884363101516937,0,conplag
c03_orig_L6v05,original.java,compared.java,0.7913814253518642,1,ir_plag
a6520606_fb05904c,a6520606.java,fb05904c.java,0.36327018101586267,0,conplag
1a31f5cb_dc575a6c,1a31f5cb.java,dc575a6c.java,0.8083287872614506,0,conplag
48c5f745_4d25818e,48c5f745.java,4d25818e.java,0.8668171815035919,1,conplag
71e0f2e5_b226c49a,71e0f2e5.java,b226c49a.java,0.45094890454761666,0,conplag
2af19170_ac8ef97c,2af19170.java,ac8ef97c.java,0.5732899894645525,0,conplag
c07_orig_L5v01,original.java,compared.java,0.7635103380445923,1,ir_plag
764484c3_9028caf7,764484c3.java,9028caf7.java,0.5119070367241719,0,conplag
0c1143f7_960a4c0f,0c1143f7.java,960a4c0f.java,0.4120037304640538,0,conplag
8e990c75_d9f6c257,8e990c75.java,d9f6c257.java,0.2737561315324888,0,conplag
c06_orig_L4v06,original.java,compared.java,0.5354807969636969,1,ir_plag
163d0dde_f87eb1b3,163d0dde.java,f87eb1b3.java,0.6329706294285053,0,conplag
66e74577_6e207cbf,66e74577.java,6e207cbf.java,0.4931552091253506,0,conplag
c04_orig_L6v03,original.java,compared.java,0.53631528642831,1,ir_plag
29cf2e70_b2001d68,29cf2e70.java,b2001d68.java,0.5996767272094934,1,conplag
3e93b259_a60fba84,3e93b259.java,a60fba84.java,0.2746358150925902,1,conplag
23194f89_bcc5473d,23194f89.java,bcc5473d.java,0.3286014706307334,0,conplag
0c9d4def_f665e87b,0c9d4def.java,f665e87b.java,0.7093223989328701,0,conplag
3e93b259_e431de28,3e93b259.java,e431de28.java,0.2837470011699357,0,conplag
49b94994_d8654140,49b94994.java,d8654140.java,0.5559715631336669,0,conplag
9ab3c0e1_d5fa4746,9ab3c0e1.java,d5fa4746.java,0.8370212375369797,1,conplag
11c2ab99_bdfe8110,11c2ab99.java,bdfe8110.java,0.9990684804758077,1,conplag
116765b1_38601291,116765b1.java,38601291.java,0.5450958020979381,1,conplag
45f5632f_5dc1f7b3,45f5632f.java,5dc1f7b3.java,0.6440874754880765,0,conplag
734a94be_cb87df79,734a94be.java,cb87df79.java,0.7338721024707302,1,conplag
90f01508_ec8566b8,90f01508.java,ec8566b8.java,0.7053912193881405,0,conplag
0f3a2acf_16e6d8bb,0f3a2acf.java,16e6d8bb.java,0.24305030422922036,1,conplag
4552d8a0_d3a96420,4552d8a0.java,d3a96420.java,0.45915038603263947,0,conplag
0b27be88_3f4a5b64,0b27be88.java,3f4a5b64.java,0.9999999999999999,1,conplag
316c9955_e7370eec,316c9955.java,e7370eec.java,0.4226088400956655,0,conplag
c07_orig_L6v06,original.java,compared.java,0.7220190085085869,1,ir_plag
c04_orig_L5v04,original.java,compared.java,0.9003485235250033,1,ir_plag
4d279121_856a8eda,4d279121.java,856a8eda.java,0.6339172632390571,0,conplag
c05_orig_L3v08,original.java,compared.java,0.39328467240409587,1,ir_plag
0922b7e7_c34bb733,0922b7e7.java,c34bb733.java,0.4476438221189867,0,conplag
c06_orig_np05,original.java,compared.java,0.6897184121892109,0,ir_plag
05ca89ed_5b9a0551,05ca89ed.java,5b9a0551.java,0.46266700882766587,0,conplag
c04_orig_L2v01,original.java,compared.java,0.5525510174721967,1,ir_plag
2722ef48_e9144440,2722ef48.java,e9144440.java,0.6322090110965661,0,conplag
43ca682a_baebdc56,43ca682a.java,baebdc56.java,1.0000000000000002,1,conplag
6815a099_f41057db,6815a099.java,f41057db.java,0.6993602677224566,1,conplag
0ee2f8f1_587307f2,0ee2f8f1.java,587307f2.java,1.0,1,conplag
18e2441c_24b20554,18e2441c.java,24b20554.java,0.5139586157408764,1,conplag
8703709f_d2901569,8703709f.java,d2901569.java,0.40619088431595163,0,conplag
c05_orig_L5v05,original.java,compared.java,0.5541684023553552,1,ir_plag
16a2a867_3951966f,16a2a867.java,3951966f.java,0.6788826668043417,0,conplag
c06_orig_L5v05,original.java,compared.java,0.7316804193124606,1,ir_plag
6e207cbf_dc281165,6e207cbf.java,dc281165.java,0.2529939074780161,0,conplag
1dab88fb_7b5f64b7,1dab88fb.java,7b5f64b7.java,0.5226127671140073,0,conplag
5af25bd7_cbbbed5f,5af25bd7.java,cbbbed5f.java,0.6089085526747748,0,conplag
26e699de_402aff07,26e699de.java,402aff07.java,0.5627369429497855,0,conplag
35eb27da_8559d49e,35eb27da.java,8559d49e.java,0.15915973777374884,0,conplag
2a655afe_692a4496,2a655afe.java,692a4496.java,1.0000000000000007,1,conplag
c05_orig_L5v03,original.java,compared.java,0.9323203391054177,1,ir_plag
ad4c7a20_f8e7b886,ad4c7a20.java,f8e7b886.java,0.6207003499340827,0,conplag
5d175166_d1391025,5d175166.java,d1391025.java,0.5018320354364284,0,conplag
018c15bd_378bb1ca,018c15bd.java,378bb1ca.java,0.4357175389499041,0,conplag
8d9871a9_e431de28,8d9871a9.java,e431de28.java,0.8501102802464608,1,conplag
c02_orig_L6v08,original.java,compared.java,0.6931874718299108,1,ir_plag
c04_orig_np01,original.java,compared.java,0.7298151451881694,0,ir_plag
169e34bf_69b8ffb2,169e34bf.java,69b8ffb2.java,0.658286134239372,0,conplag
6e207cbf_76ad805a,6e207cbf.java,76ad805a.java,0.5143944076652534,0,conplag
9291ca83_b185d034,9291ca83.java,b185d034.java,0.5814728474948635,1,conplag
692a4496_f7006f16,692a4496.java,f7006f16.java,0.43983059035158467,0,conplag
856a8eda_c354b74f,856a8eda.java,c354b74f.java,0.6493152469371777,0,conplag
1dab88fb_9c55bc1b,1dab88fb.java,9c55bc1b.java,0.6543723678760962,0,conplag
bdf7bfb2_d92c5342,bdf7bfb2.java,d92c5342.java,0.5292100460045717,0,conplag
ac121776_eb6cfca7,ac121776.java,eb6cfca7.java,0.3658108121866187,0,conplag
c05_orig_L6v02,original.java,compared.java,0.44253812740795456,1,ir_plag
3c667d4f_be3b1289,3c667d4f.java,be3b1289.java,0.4027962947928833,1,conplag
11373c16_69b2fd22,11373c16.java,69b2fd22.java,0.6429093465078692,0,conplag
32ff22fe_f0d91796,32ff22fe.java,f0d91796.java,0.6948451868034966,0,conplag
94b3b86d_efe594c3,94b3b86d.java,efe594c3.java,0.7338868283320901,0,conplag
11373c16_7011024d,11373c16.java,7011024d.java,0.5009862876167966,0,conplag
c05_orig_np10,original.java,compared.java,0.726219166261982,0,ir_plag
c07_orig_np14,original.java,compared.java,0.731580520600248,0,ir_plag
018c9543_d1dbc56a,018c9543.java,d1dbc56a.java,0.6628418227041893,0,conplag
c04_orig_L3v04,original.java,compared.java,0.9195232507534192,1,ir_plag
c02_orig_L1v07,original.java,compared.java,0.9910690992691685,1,ir_plag
c03_orig_np13,original.java,compared.java,0.8842089653613999,0,ir_plag
2c7a0000_bd50e3fe,2c7a0000.java,bd50e3fe.java,0.8564335425933696,1,conplag
c02_orig_L4v01,original.java,compared.java,0.5699872424444378,1,ir_plag
343cc8e7_7f69a9e8,343cc8e7.java,7f69a9e8.java,0.36919442709565203,0,conplag
1984bef1_2063ba3e,1984bef1.java,2063ba3e.java,0.47536068257943215,0,conplag
a8e2cefc_ee270b2a,a8e2cefc.java,ee270b2a.java,0.3026280810573024,0,conplag
c02_orig_L3v08,original.java,compared.java,0.8354633753384343,1,ir_plag
11d91f31_4323e2bd,11d91f31.java,4323e2bd.java,0.5887036159958029,0,conplag
402aff07_f229aa7f,402aff07.java,f229aa7f.java,0.31602350223137654,0,conplag
14b0fb8e_6490bbe8,14b0fb8e.java,6490bbe8.java,0.43183464201132427,0,conplag
81fb6415_b3d4c5ca,81fb6415.java,b3d4c5ca.java,0.7462071585793485,0,conplag
72d9eb5b_884f5678,72d9eb5b.java,884f5678.java,0.6136967167554122,0,conplag
c02_orig_L5v09,original.java,compared.java,0.8204435000199258,1,ir_plag
c05_orig_np08,original.java,compared.java,0.4566907743581548,0,ir_plag
9756f13a_ea899386,9756f13a.java,ea899386.java,0.4979185566569564,0,conplag
1dab88fb_a6229ee9,1dab88fb.java,a6229ee9.java,0.5161377779634236,0,conplag
c07_orig_L5v08,original.java,compared.java,0.7183371267721713,1,ir_plag
a7894e0b_fadc1365,a7894e0b.java,fadc1365.java,0.6936200236250503,1,conplag
9028caf7_e6b7a899,9028caf7.java,e6b7a899.java,0.4506036216050571,0,conplag
c07_orig_np02,original.java,compared.java,0.7784357560158282,0,ir_plag
63bfa731_9fc811f7,63bfa731.java,9fc811f7.java,0.7280639003706103,1,conplag
c06_orig_np03,original.java,compared.java,0.6897184121892109,0,ir_plag
c03_orig_L3v04,original.java,compared.java,0.9079362138043608,1,ir_plag
c03_orig_np06,original.java,compared.java,0.9012631702928455,0,ir_plag
0588b869_9028caf7,0588b869.java,9028caf7.java,0.5746385886454575,0,conplag
2bbf754b_69b8ffb2,2bbf754b.java,69b8ffb2.java,0.47428698214277476,0,conplag
c03_orig_L4v06,original.java,compared.java,0.7555047541978037,1,ir_plag
5a81e159_866a2d52,5a81e159.java,866a2d52.java,0.2816771978053019,0,conplag
c06_orig_L1v01,original.java,compared.java,0.9764772330270984,1,ir_plag
11c2ab99_28c2d81a,11c2ab99.java,28c2d81a.java,0.9024877320954965,1,conplag
c05_orig_np14,original.java,compared.java,0.7818802136229016,0,ir_plag
27ec4acc_ddcadc64,27ec4acc.java,ddcadc64.java,0.6479740068213323,0,conplag
69b8ffb2_c9159d9c,69b8ffb2.java,c9159d9c.java,0.6912214485903228,0,conplag
4303de0d_c9a316ca,4303de0d.java,c9a316ca.java,0.6174819635466571,0,conplag
464a03b8_cf27732e,464a03b8.java,cf27732e.java,0.5555964054826869,0,conplag
c01_orig_L6v05,original.java,compared.java,0.5164750980752503,1,ir_plag
26e699de_fcc7e8fa,26e699de.java,fcc7e8fa.java,0.3677266590254478,0,conplag
c03_orig_L3v02,original.java,compared.java,0.826773765583975,1,ir_plag
7011024d_eea69e7f,7011024d.java,eea69e7f.java,0.3787518621201891,0,conplag
74f4382e_bd584714,74f4382e.java,bd584714.java,0.45354263537112155,0,conplag
1a6f8b20_77448a05,1a6f8b20.java,77448a05.java,0.5172511592390439,0,conplag
8b490132_db09b3f9,8b490132.java,db09b3f9.java,1.0,1,conplag
2bbc6c80_4e58558c,2bbc6c80.java,4e58558c.java,0.9999999999999999,1,conplag
c05_orig_L5v08,original.java,compared.java,0.42560975371941656,1,ir_plag
c02_orig_L3v02,original.java,compared.java,0.765377192370518,1,ir_plag
c03_orig_L2v07,original.java,compared.java,0.9800287785226873,1,ir_plag
b5da712b_dd994c01,b5da712b.java,dd994c01.java,0.42697587268298126,0,conplag
90f01508_e00b1794,90f01508.java,e00b1794.java,0.611432142133634,0,conplag
354d060f_e1c4f3db,354d060f.java,e1c4f3db.java,0.576365730276016,0,conplag
b08b1c3c_d92b4600,b08b1c3c.java,d92b4600.java,0.26899665563408465,0,conplag
07043d35_97a7fab5,07043d35.java,97a7fab5.java,0.5578803182072123,0,conplag
4e28b45e_d7a8434f,4e28b45e.java,d7a8434f.java,1.0000000000000009,1,conplag
9d1bfd29_fe07e031,9d1bfd29.java,fe07e031.java,0.6303090725525369,0,conplag
c07_orig_L5v06,original.java,compared.java,0.6792567714574925,1,ir_plag
b2590225_fdcbdf85,b2590225.java,fdcbdf85.java,0.42299515917931446,0,conplag
584b0e9e_722e318f,584b0e9e.java,722e318f.java,0.7040752722561819,0,conplag
c05_orig_np06,original.java,compared.java,0.7314946290930104,0,ir_plag
21c9b214_d5a20936,21c9b214.java,d5a20936.java,0.4125109198048567,1,conplag
11c2ab99_8f6421f3,11c2ab99.java,8f6421f3.java,0.47422546426259643,1,conplag
3b498a39_69b2fd22,3b498a39.java,69b2fd22.java,0.6017070892180987,0,conplag
c02_orig_L2v09,original.java,compared.java,0.6930285788197541,1,ir_plag
c06_orig_L1v06,original.java,compared.java,0.9824099769158057,1,ir_plag
c02_orig_np14,original.java,compared.java,0.6266936983207547,0,ir_plag
cdb801a1_e14d1ba0,cdb801a1.java,e14d1ba0.java,0.26938819732814967,0,conplag
00f79486_fb312dc6,00f79486.java,fb312dc6.java,0.39726472375235133,0,conplag
ae6567fb_d22a53cd,ae6567fb.java,d22a53cd.java,0.41315687350067226,0,conplag
953ac418_ba9b94f7,953ac418.java,ba9b94f7.java,0.5153475380419054,0,conplag
2bbf754b_9862c742,2bbf754b.java,9862c742.java,0.5015249701422393,0,conplag
c07_orig_L5v03,original.java,compared.java,0.9263646371397559,1,ir_plag
1be078c4_7ae0cb0d,1be078c4.java,7ae0cb0d.java,0.6194242665563214,0,conplag
3dd65549_f229aa7f,3dd65549.java,f229aa7f.java,0.4420601241870781,0,conplag
99bc7da3_ced4639e,99bc7da3.java,ced4639e.java,0.47938572337170915,0,conplag
3e1442a3_d0e27497,3e1442a3.java,d0e27497.java,0.3712765854877938,0,conplag
c06_orig_L5v06,original.java,compared.java,0.5022940263785294,1,ir_plag
c07_orig_np07,original.java,compared.java,0.6188361725765894,0,ir_plag
c01_orig_L5v01,original.java,compared.java,0.405223138294945,1,ir_plag
1dab88fb_4138b081,1dab88fb.java,4138b081.java,0.5281161985723957,0,conplag
c4ca2ff3_d6fb3b9e,c4ca2ff3.java,d6fb3b9e.java,0.704037091652755,0,conplag
c07_orig_L1v04,original.java,compared.java,0.9795109291420998,1,ir_plag
c03_orig_L2v08,original.java,compared.java,0.7363500344204489,1,ir_plag
0f6ca337_6843cc19,0f6ca337.java,6843cc19.java,0.9999999999999998,1,conplag
2120328e_6de04ee2,2120328e.java,6de04ee2.java,0.6514604440775573,1,conplag
6b83b22e_c59194c7,6b83b22e.java,c59194c7.java,0.30864705813700005,0,conplag
7c11511f_ca8f11a4,7c11511f.java,ca8f11a4.java,0.5986552620371977,1,conplag
213340b3_870e16d9,213340b3.java,870e16d9.java,0.41027381924310785,0,conplag
5e8d1aaa_c4d04ce7,5e8d1aaa.java,c4d04ce7.java,0.6620840911405578,1,conplag
680ba922_6e207cbf,680ba922.java,6e207cbf.java,0.4965755218878,0,conplag
6825260d_c972dd00,6825260d.java,c972dd00.java,1.0,1,conplag
c06_orig_L4v05,original.java,compared.java,0.747843807093856,1,ir_plag
b2590225_f7fc2e94,b2590225.java,f7fc2e94.java,0.49707106909962817,0,conplag
42fe7dd0_c4ca2ff3,42fe7dd0.java,c4ca2ff3.java,0.6696697119231828,1,conplag
ba468e1f_fb312dc6,ba468e1f.java,fb312dc6.java,0.5468078159821169,0,conplag
9f354c5c_cb032314,9f354c5c.java,cb032314.java,0.5145784669778332,0,conplag
c03_orig_L5v05,original.java,compared.java,0.7913814253518642,1,ir_plag
22b41936_9cea10af,22b41936.java,9cea10af.java,0.6030202634729437,1,conplag
c1fef98f_f870e76b,c1fef98f.java,f870e76b.java,0.4403702106006384,0,conplag
4851a411_e201bc2e,4851a411.java,e201bc2e.java,0.36126226626434504,0,conplag
35857a5a_ab7507bf,35857a5a.java,ab7507bf.java,0.6281921830068621,0,conplag
5766f176_e7a997b5,5766f176.java,e7a997b5.java,0.5718356346137778,0,conplag
c03_orig_np09,original.java,compared.java,0.9057266373875938,0,ir_plag
1410e423_e90a198b,1410e423.java,e90a198b.java,0.3624892097076329,0,conplag
1097b326_b45d28b2,1097b326.java,b45d28b2.java,0.27043688786901293,0,conplag
3088ca9c_7a9c69d8,3088ca9c.java,7a9c69d8.java,0.6488092893011497,1,conplag
18d20d2e_d8a171a3,18d20d2e.java,d8a171a3.java,0.4687750861295082,0,conplag
c04_orig_L4v07,original.java,compared.java,0.4331657311137591,1,ir_plag
c04_orig_np11,original.java,compared.java,0.5426332912217005,0,ir_plag
c05_orig_L1v07,original.java,compared.java,0.9898504817290371,1,ir_plag
46e9aed4_ee4f7b06,46e9aed4.java,ee4f7b06.java,0.49907950182884486,0,conplag
c04_orig_L2v03,original.java,compared.java,0.561024557915093,1,ir_plag
c06_orig_L5v03,original.java,compared.java,0.699583363887213,1,ir_plag
c06_orig_L3v07,original.java,compared.java,0.6897184121892109,1,ir_plag
5b9a0551_9debf95c,5b9a0551.java,9debf95c.java,0.43357026504832963,0,conplag
63a24497_6e5ab1d2,63a24497.java,6e5ab1d2.java,0.648524253462362,1,conplag
69b2fd22_7bc92b7f,69b2fd22.java,7bc92b7f.java,0.600460855642371,0,conplag
8c011cb9_e0f6aad6,8c011cb9.java,e0f6aad6.java,0.4821552182817628,0,conplag
0c00d532_521c5645,0c00d532.java,521c5645.java,0.374090967988927,0,conplag
5e3089fa_aea245ba,5e3089fa.java,aea245ba.java,0.42336205580536956,0,conplag
c05_orig_L1v05,original.java,compared.java,0.9704040095805045,1,ir_plag
ca8f11a4_e185bce5,ca8f11a4.java,e185bce5.java,0.7653297779044406,0,conplag
c05_orig_L2v03,original.java,compared.java,0.9375740454548365,1,ir_plag
6be98ece_e1c4f3db,6be98ece.java,e1c4f3db.java,0.6983680283434273,0,conplag
3d245498_7838095f,3d245498.java,7838095f.java,0.9989916437042231,1,conplag
c06_orig_L4v02,original.java,compared.java,0.7268731080505848,1,ir_plag
6a47e491_f2cf6a74,6a47e491.java,f2cf6a74.java,0.49567450991469736,0,conplag
c03_orig_L4v01,original.java,compared.java,0.5927080338000662,1,ir_plag
06b9cf99_fb69b3b4,06b9cf99.java,fb69b3b4.java,0.7140054035430579,0,conplag
808f7516_9ebe348d,808f7516.java,9ebe348d.java,0.3888387784453036,0,conplag
c04_orig_L4v08,original.java,compared.java,0.6271956067945182,1,ir_plag
565f77b7_e8006510,565f77b7.java,e8006510.java,0.425923755054032,0,conplag
c02_orig_L1v06,original.java,compared.java,0.9880986400552285,1,ir_plag
a5d5a95f_ab7507bf,a5d5a95f.java,ab7507bf.java,0.46974331912666234,0,conplag
c07_orig_np10,original.java,compared.java,0.7965859714162976,0,ir_plag
2a35cd81_97a7fab5,2a35cd81.java,97a7fab5.java,0.4594506260485133,0,conplag
c05_orig_np02,original.java,compared.java,0.6586647796857533,0,ir_plag
c04_orig_L1v02,original.java,compared.java,0.9815367291737416,1,ir_plag
c03_orig_L4v02,original.java,compared.java,0.8286449512245451,1,ir_plag
1ea771ea_ee270b2a,1ea771ea.java,ee270b2a.java,0.6948049477933117,1,conplag
08b9908d_f5fb1b62,08b9908d.java,f5fb1b62.java,0.6070083587168696,0,conplag
c02_orig_L4v07,original.java,compared.java,0.6450165759253063,1,ir_plag
