folder,file1,file2,tfidf_similarity,ast_similarity,combined_similarity,es_plagio,dataset,tokenize_success,ast_success,complexity_diff,depth_diff,methods_diff
c57a973e_fa484fdd,c57a973e.java,fa484fdd.java,0.3604,1.0,0.5523,1,conplag,True,True,0,0,0
44428e63_c850e422,44428e63.java,c850e422.java,0.3976,1.0,0.5783,0,conplag,True,True,0,0,0
2ff0355e_83935617,2ff0355e.java,83935617.java,0.4064,1.0,0.5845,0,conplag,True,True,0,0,0
0017d438_9852706b,0017d438.java,9852706b.java,0.4403,1.0,0.6082,1,conplag,True,True,0,0,0
bdfe8110_c57a973e,bdfe8110.java,c57a973e.java,0.3652,1.0,0.5556,1,conplag,True,True,0,0,0
c06_orig_L5v02,original.java,compared.java,0.3688,1.0,0.5581,1,ir_plag,True,True,0,0,0
c05_orig_L5v04,original.java,compared.java,0.3376,1.0,0.5363,1,ir_plag,True,True,0,0,0
5647d16e_ea09d197,5647d16e.java,ea09d197.java,0.462,1.0,0.6234,0,conplag,True,True,0,0,0
c07_orig_L1v06,original.java,compared.java,1.0,1.0,1.0,1,ir_plag,True,True,0,0,0
5af25bd7_77ec956f,5af25bd7.java,77ec956f.java,0.5861,1.0,0.7102,1,conplag,True,True,0,0,0
5756162d_808f7516,5756162d.java,808f7516.java,0.3574,1.0,0.5502,0,conplag,True,True,0,0,0
c04_orig_np06,original.java,compared.java,0.2251,1.0,0.4576,0,ir_plag,True,True,0,0,0
c02_orig_L4v03,original.java,compared.java,0.377,1.0,0.5639,1,ir_plag,True,True,0,0,0
6bcc5afd_f6ca6fc8,6bcc5afd.java,f6ca6fc8.java,0.8894,1.0,0.9226,1,conplag,True,True,0,0,0
c1fef98f_fadc1365,c1fef98f.java,fadc1365.java,0.3046,1.0,0.5133,0,conplag,True,True,0,0,0
0ea5a836_732c98a0,0ea5a836.java,732c98a0.java,0.4219,1.0,0.5953,0,conplag,True,True,0,0,0
c06_orig_np11,original.java,compared.java,0.8708,1.0,0.9096,0,ir_plag,True,True,0,0,0
0e68e463_29cf2e70,0e68e463.java,29cf2e70.java,0.3626,1.0,0.5538,0,conplag,True,True,0,0,0
28c2d81a_48c5f745,28c2d81a.java,48c5f745.java,0.2612,1.0,0.4829,1,conplag,True,True,0,0,0
1013b392_5a340556,1013b392.java,5a340556.java,0.4598,1.0,0.6218,1,conplag,True,True,0,0,0
3d06b643_f6ca6fc8,3d06b643.java,f6ca6fc8.java,0.3276,1.0,0.5293,1,conplag,True,True,0,0,0
c01_orig_L1v06,original.java,compared.java,1.0,1.0,1.0,1,ir_plag,True,True,0,0,0
90d0ffd0_b21c7532,90d0ffd0.java,b21c7532.java,0.2671,1.0,0.487,0,conplag,True,True,0,0,0
086f0f90_4a570de6,086f0f90.java,4a570de6.java,0.3924,1.0,0.5747,0,conplag,True,True,0,0,0
c48673a6_ebed1250,c48673a6.java,ebed1250.java,0.2466,1.0,0.4726,0,conplag,True,True,0,0,0
c06_orig_np02,original.java,compared.java,0.8708,1.0,0.9096,0,ir_plag,True,True,0,0,0
c06_orig_L4v08,original.java,compared.java,0.5868,1.0,0.7108,1,ir_plag,True,True,0,0,0
a3e272af_d1cd194e,a3e272af.java,d1cd194e.java,0.439,1.0,0.6073,0,conplag,True,True,0,0,0
1469697d_69c86b61,1469697d.java,69c86b61.java,1.0,1.0,1.0,1,conplag,True,True,0,0,0
c07_orig_np11,original.java,compared.java,0.6052,1.0,0.7236,0,ir_plag,True,True,0,0,0
56a90e79_b505f95e,56a90e79.java,b505f95e.java,0.5335,1.0,0.6734,0,conplag,True,True,0,0,0
c03_orig_L6v03,original.java,compared.java,0.3076,1.0,0.5153,1,ir_plag,True,True,0,0,0
6f037b1d_ef1117e3,6f037b1d.java,ef1117e3.java,0.5991,1.0,0.7194,0,conplag,True,True,0,0,0
c06_orig_L1v02,original.java,compared.java,1.0,1.0,1.0,1,ir_plag,True,True,0,0,0
16857116_f3d7ce08,16857116.java,f3d7ce08.java,0.9752,1.0,0.9827,1,conplag,True,True,0,0,0
0951d079_b2bae06a,0951d079.java,b2bae06a.java,0.3926,1.0,0.5748,0,conplag,True,True,0,0,0
c07_orig_L6v02,original.java,compared.java,0.3764,1.0,0.5635,1,ir_plag,True,True,0,0,0
c01_orig_np09,original.java,compared.java,0.3387,1.0,0.5371,0,ir_plag,True,True,0,0,0
c03_orig_L6v01,original.java,compared.java,0.2886,1.0,0.502,1,ir_plag,True,True,0,0,0
12c1cc56_c06c758d,12c1cc56.java,c06c758d.java,1.0,1.0,1.0,1,conplag,True,True,0,0,0
ae716b8f_f1a42a42,ae716b8f.java,f1a42a42.java,0.3543,1.0,0.548,0,conplag,True,True,0,0,0
c03_orig_np10,original.java,compared.java,0.8961,1.0,0.9272,0,ir_plag,True,True,0,0,0
1be078c4_bb0949b3,1be078c4.java,bb0949b3.java,0.3021,1.0,0.5115,0,conplag,True,True,0,0,0
4e9c4bf9_f9e08a46,4e9c4bf9.java,f9e08a46.java,0.5545,1.0,0.6881,0,conplag,True,True,0,0,0
c07_orig_L1v08,original.java,compared.java,1.0,1.0,1.0,1,ir_plag,True,True,0,0,0
cc9230d3_ec558d69,cc9230d3.java,ec558d69.java,0.409,1.0,0.5863,1,conplag,True,True,0,0,0
c02_orig_L6v01,original.java,compared.java,0.3577,1.0,0.5504,1,ir_plag,True,True,0,0,0
c02_orig_L5v02,original.java,compared.java,0.3622,1.0,0.5536,1,ir_plag,True,True,0,0,0
99ccaa44_e7a997b5,99ccaa44.java,e7a997b5.java,0.4236,1.0,0.5965,0,conplag,True,True,0,0,0
29d865c3_5cfa2861,29d865c3.java,5cfa2861.java,0.1846,1.0,0.4292,0,conplag,True,True,0,0,0
3b5cec19_8f31b279,3b5cec19.java,8f31b279.java,0.4721,1.0,0.6305,1,conplag,True,True,0,0,0
3d06b643_6bcc5afd,3d06b643.java,6bcc5afd.java,0.32,1.0,0.524,1,conplag,True,True,0,0,0
c05_orig_L4v09,original.java,compared.java,0.4006,1.0,0.5804,1,ir_plag,True,True,0,0,0
c03_orig_L6v06,original.java,compared.java,0.4187,1.0,0.5931,1,ir_plag,True,True,0,0,0
2fdcf0ad_d20e861b,2fdcf0ad.java,d20e861b.java,0.2951,1.0,0.5066,0,conplag,True,True,0,0,0
8e990c75_96b3758b,8e990c75.java,96b3758b.java,0.3931,1.0,0.5752,0,conplag,True,True,0,0,0
c07_orig_L5v07,original.java,compared.java,0.6681,1.0,0.7677,1,ir_plag,True,True,0,0,0
1097b326_a60fba84,1097b326.java,a60fba84.java,0.4663,1.0,0.6264,0,conplag,True,True,0,0,0
392218ef_f0ede32a,392218ef.java,f0ede32a.java,0.274,1.0,0.4918,0,conplag,True,True,0,0,0
c04_orig_L5v01,original.java,compared.java,0.5317,1.0,0.6722,1,ir_plag,True,True,0,0,0
c04_orig_L3v01,original.java,compared.java,0.4327,1.0,0.6029,1,ir_plag,True,True,0,0,0
c04_orig_L6v08,original.java,compared.java,0.5136,1.0,0.6595,1,ir_plag,True,True,0,0,0
31f29772_ac180326,31f29772.java,ac180326.java,0.3043,1.0,0.513,0,conplag,True,True,0,0,0
c03_orig_L3v06,original.java,compared.java,0.4944,1.0,0.6461,1,ir_plag,True,True,0,0,0
c03_orig_L3v05,original.java,compared.java,0.4777,1.0,0.6344,1,ir_plag,True,True,0,0,0
9862c742_cf27732e,9862c742.java,cf27732e.java,0.3122,1.0,0.5186,0,conplag,True,True,0,0,0
c03_orig_np07,original.java,compared.java,0.9732,1.0,0.9813,0,ir_plag,True,True,0,0,0
47d54299_63bfa731,47d54299.java,63bfa731.java,0.4821,1.0,0.6375,1,conplag,True,True,0,0,0
930dd1f1_f4b87cc2,930dd1f1.java,f4b87cc2.java,0.3787,1.0,0.5651,0,conplag,True,True,0,0,0
99bc7da3_b3638571,99bc7da3.java,b3638571.java,0.2285,1.0,0.4599,0,conplag,True,True,0,0,0
04ed33a5_6b83b22e,04ed33a5.java,6b83b22e.java,1.0,1.0,1.0,1,conplag,True,True,0,0,0
03b3c5af_d74028ea,03b3c5af.java,d74028ea.java,0.4567,1.0,0.6197,0,conplag,True,True,0,0,0
7de69858_b76bce8a,7de69858.java,b76bce8a.java,0.562,1.0,0.6934,0,conplag,True,True,0,0,0
e2fe9d7d_ece1820d,e2fe9d7d.java,ece1820d.java,0.385,1.0,0.5695,0,conplag,True,True,0,0,0
67996c4c_7bc92b7f,67996c4c.java,7bc92b7f.java,0.4608,1.0,0.6226,0,conplag,True,True,0,0,0
1dab88fb_bac616ee,1dab88fb.java,bac616ee.java,0.4036,1.0,0.5826,0,conplag,True,True,0,0,0
c07_orig_L4v06,original.java,compared.java,0.3791,1.0,0.5654,1,ir_plag,True,True,0,0,0
4138b081_f59d9b6e,4138b081.java,f59d9b6e.java,0.3914,1.0,0.574,0,conplag,True,True,0,0,0
c03_orig_L2v02,original.java,compared.java,1.0,1.0,1.0,1,ir_plag,True,True,0,0,0
6e7cd58b_cfba313d,6e7cd58b.java,cfba313d.java,0.676,1.0,0.7732,1,conplag,True,True,0,0,0
c05_orig_L2v01,original.java,compared.java,1.0,1.0,1.0,1,ir_plag,True,True,0,0,0
7f42483d_c9a316ca,7f42483d.java,c9a316ca.java,0.3768,1.0,0.5638,0,conplag,True,True,0,0,0
0c9d4def_d3415fc5,0c9d4def.java,d3415fc5.java,0.3096,1.0,0.5167,0,conplag,True,True,0,0,0
c05_orig_L3v04,original.java,compared.java,0.4634,1.0,0.6244,1,ir_plag,True,True,0,0,0
34cd5b66_d6af96bd,34cd5b66.java,d6af96bd.java,0.2573,1.0,0.4801,0,conplag,True,True,0,0,0
49e94e7e_d7a8434f,49e94e7e.java,d7a8434f.java,0.2146,1.0,0.4502,0,conplag,True,True,0,0,0
0c9d4def_ef1d196b,0c9d4def.java,ef1d196b.java,0.3095,1.0,0.5166,0,conplag,True,True,0,0,0
29cb9b0e_c77654b8,29cb9b0e.java,c77654b8.java,0.2884,1.0,0.5019,0,conplag,True,True,0,0,0
c01_orig_L6v03,original.java,compared.java,0.303,1.0,0.5121,1,ir_plag,True,True,0,0,0
0048a372_0adb1ee5,0048a372.java,0adb1ee5.java,0.2819,1.0,0.4973,0,conplag,True,True,0,0,0
ac7187d8_b7a6c59c,ac7187d8.java,b7a6c59c.java,0.4198,1.0,0.5938,0,conplag,True,True,0,0,0
6f393cfe_7a9c69d8,6f393cfe.java,7a9c69d8.java,1.0,1.0,1.0,1,conplag,True,True,0,0,0
24afd00e_424c930b,24afd00e.java,424c930b.java,0.3824,1.0,0.5676,0,conplag,True,True,0,0,0
1097b326_f1f600d9,1097b326.java,f1f600d9.java,0.2141,1.0,0.4498,0,conplag,True,True,0,0,0
c02_orig_L1v05,original.java,compared.java,1.0,1.0,1.0,1,ir_plag,True,True,0,0,0
2e404969_597195ee,2e404969.java,597195ee.java,0.371,1.0,0.5597,0,conplag,True,True,0,0,0
26e699de_76ad805a,26e699de.java,76ad805a.java,0.4914,1.0,0.644,0,conplag,True,True,0,0,0
c07_orig_np12,original.java,compared.java,0.5283,1.0,0.6698,0,ir_plag,True,True,0,0,0
22dff786_624529e3,22dff786.java,624529e3.java,0.374,1.0,0.5618,0,conplag,True,True,0,0,0
c01_orig_np08,original.java,compared.java,0.3387,1.0,0.5371,0,ir_plag,True,True,0,0,0
0df4050e_f5fde094,0df4050e.java,f5fde094.java,0.4191,1.0,0.5933,0,conplag,True,True,0,0,0
c05_orig_L6v04,original.java,compared.java,0.3622,1.0,0.5535,1,ir_plag,True,True,0,0,0
3c74c140_732c98a0,3c74c140.java,732c98a0.java,0.4526,1.0,0.6168,1,conplag,True,True,0,0,0
c03_orig_L2v06,original.java,compared.java,1.0,1.0,1.0,1,ir_plag,True,True,0,0,0
80e6c4db_f22a4243,80e6c4db.java,f22a4243.java,0.2948,1.0,0.5064,0,conplag,True,True,0,0,0
c57997b6_ff10b574,c57997b6.java,ff10b574.java,0.3585,1.0,0.551,0,conplag,True,True,0,0,0
c01_orig_L1v03,original.java,compared.java,1.0,1.0,1.0,1,ir_plag,True,True,0,0,0
9c55bc1b_c9da41af,9c55bc1b.java,c9da41af.java,0.4428,1.0,0.61,0,conplag,True,True,0,0,0
c07_orig_L6v04,original.java,compared.java,0.37,1.0,0.559,1,ir_plag,True,True,0,0,0
53551ea0_6be98ece,53551ea0.java,6be98ece.java,0.3028,1.0,0.512,0,conplag,True,True,0,0,0
0ea5a836_3c74c140,0ea5a836.java,3c74c140.java,0.3719,1.0,0.5604,0,conplag,True,True,0,0,0
cdb801a1_dcdaf666,cdb801a1.java,dcdaf666.java,0.3845,1.0,0.5692,0,conplag,True,True,0,0,0
4ea10951_66e74577,4ea10951.java,66e74577.java,0.3857,1.0,0.57,0,conplag,True,True,0,0,0
00af3420_86102d81,00af3420.java,86102d81.java,0.4609,1.0,0.6227,0,conplag,True,True,0,0,0
4499e3b9_cbbbed5f,4499e3b9.java,cbbbed5f.java,0.3328,1.0,0.533,0,conplag,True,True,0,0,0
6f393cfe_d3a0b8d2,6f393cfe.java,d3a0b8d2.java,0.4958,1.0,0.647,0,conplag,True,True,0,0,0
4fb09c5f_c57a973e,4fb09c5f.java,c57a973e.java,0.1875,1.0,0.4312,0,conplag,True,True,0,0,0
0b04b41e_4da08761,0b04b41e.java,4da08761.java,0.405,1.0,0.5835,0,conplag,True,True,0,0,0
3cbcb1cc_6045e5d1,3cbcb1cc.java,6045e5d1.java,1.0,1.0,1.0,1,conplag,True,True,0,0,0
36f1b52a_558df7d4,36f1b52a.java,558df7d4.java,0.4898,1.0,0.6429,1,conplag,True,True,0,0,0
a8f7c8b7_f229aa7f,a8f7c8b7.java,f229aa7f.java,0.2961,1.0,0.5073,0,conplag,True,True,0,0,0
3c667d4f_a7894e0b,3c667d4f.java,a7894e0b.java,0.2562,1.0,0.4793,1,conplag,True,True,0,0,0
c06_orig_np07,original.java,compared.java,0.791,1.0,0.8537,0,ir_plag,True,True,0,0,0
4f7af821_8f6421f3,4f7af821.java,8f6421f3.java,0.2456,1.0,0.472,1,conplag,True,True,0,0,0
41e69083_54eb1a6b,41e69083.java,54eb1a6b.java,1.0,1.0,1.0,1,conplag,True,True,0,0,0
a368f345_e5d02e93,a368f345.java,e5d02e93.java,0.3596,1.0,0.5517,0,conplag,True,True,0,0,0
ee270b2a_fc80cbe0,ee270b2a.java,fc80cbe0.java,0.2223,1.0,0.4556,0,conplag,True,True,0,0,0
c04_orig_np10,original.java,compared.java,0.7389,1.0,0.8173,0,ir_plag,True,True,0,0,0
04ed33a5_0c173033,04ed33a5.java,0c173033.java,0.3755,1.0,0.5629,1,conplag,True,True,0,0,0
05f939b3_e647bef7,05f939b3.java,e647bef7.java,0.4569,1.0,0.6198,0,conplag,True,True,0,0,0
0ecf356d_b2bae06a,0ecf356d.java,b2bae06a.java,0.4857,1.0,0.64,0,conplag,True,True,0,0,0
f229aa7f_fcc7e8fa,f229aa7f.java,fcc7e8fa.java,0.3893,1.0,0.5725,0,conplag,True,True,0,0,0
8aadde13_fb20d298,8aadde13.java,fb20d298.java,0.2197,1.0,0.4538,1,conplag,True,True,0,0,0
e431de28_eb6cfca7,e431de28.java,eb6cfca7.java,0.2331,1.0,0.4631,0,conplag,True,True,0,0,0
12c1cc56_7b71234c,12c1cc56.java,7b71234c.java,1.0,1.0,1.0,1,conplag,True,True,0,0,0
c02_orig_L4v04,original.java,compared.java,0.3669,1.0,0.5569,1,ir_plag,True,True,0,0,0
c04_orig_L6v04,original.java,compared.java,0.3203,1.0,0.5242,1,ir_plag,True,True,0,0,0
01b911ac_a195911e,01b911ac.java,a195911e.java,0.2964,1.0,0.5075,0,conplag,True,True,0,0,0
175201f9_9399204d,175201f9.java,9399204d.java,0.4223,1.0,0.5956,0,conplag,True,True,0,0,0
c06_orig_L3v04,original.java,compared.java,0.4471,1.0,0.613,1,ir_plag,True,True,0,0,0
43b85d63_a37923d1,43b85d63.java,a37923d1.java,0.2807,1.0,0.4965,0,conplag,True,True,0,0,0
ba8800f5_d8e4eb5e,ba8800f5.java,d8e4eb5e.java,0.4691,1.0,0.6283,0,conplag,True,True,0,0,0
c03_orig_L3v08,original.java,compared.java,0.4587,1.0,0.6211,1,ir_plag,True,True,0,0,0
4f7af821_f870e76b,4f7af821.java,f870e76b.java,0.1994,1.0,0.4396,0,conplag,True,True,0,0,0
597195ee_5f3a196a,597195ee.java,5f3a196a.java,0.4256,1.0,0.5979,1,conplag,True,True,0,0,0
1d43139f_fdd41565,1d43139f.java,fdd41565.java,0.4852,1.0,0.6396,0,conplag,True,True,0,0,0
d6fb3b9e_f7a0ea6d,d6fb3b9e.java,f7a0ea6d.java,0.5615,1.0,0.693,0,conplag,True,True,0,0,0
d1cd194e_dbffab11,d1cd194e.java,dbffab11.java,0.4221,1.0,0.5955,0,conplag,True,True,0,0,0
c02_orig_L4v06,original.java,compared.java,0.429,1.0,0.6003,1,ir_plag,True,True,0,0,0
1ea771ea_2f8c3bf3,1ea771ea.java,2f8c3bf3.java,0.3107,1.0,0.5175,0,conplag,True,True,0,0,0
7814575b_8cfe3ee0,7814575b.java,8cfe3ee0.java,0.3888,1.0,0.5721,0,conplag,True,True,0,0,0
1071f735_cd835290,1071f735.java,cd835290.java,0.1849,1.0,0.4295,1,conplag,True,True,0,0,0
38b356b7_c77654b8,38b356b7.java,c77654b8.java,0.2399,1.0,0.4679,0,conplag,True,True,0,0,0
67996c4c_9028caf7,67996c4c.java,9028caf7.java,0.3385,1.0,0.537,0,conplag,True,True,0,0,0
00af3420_f4d6d28d,00af3420.java,f4d6d28d.java,0.4504,1.0,0.6153,0,conplag,True,True,0,0,0
a3e272af_f7fc2e94,a3e272af.java,f7fc2e94.java,0.3482,1.0,0.5438,0,conplag,True,True,0,0,0
7686c854_abd16ff0,7686c854.java,abd16ff0.java,0.3143,1.0,0.52,1,conplag,True,True,0,0,0
2a35cd81_464ad4dd,2a35cd81.java,464ad4dd.java,0.4291,1.0,0.6004,0,conplag,True,True,0,0,0
3ff60986_d0b4b96c,3ff60986.java,d0b4b96c.java,1.0,1.0,1.0,1,conplag,True,True,0,0,0
c07_orig_L4v05,original.java,compared.java,0.3434,1.0,0.5404,1,ir_plag,True,True,0,0,0
d23b398c_e14d1ba0,d23b398c.java,e14d1ba0.java,0.2881,1.0,0.5016,1,conplag,True,True,0,0,0
6db218a2_90b71536,6db218a2.java,90b71536.java,1.0,1.0,1.0,1,conplag,True,True,0,0,0
487c9f62_54488276,487c9f62.java,54488276.java,0.5467,1.0,0.6827,0,conplag,True,True,0,0,0
5bf01190_79b9b897,5bf01190.java,79b9b897.java,0.3335,1.0,0.5335,0,conplag,True,True,0,0,0
54e71b9b_fd16f5b0,54e71b9b.java,fd16f5b0.java,0.3317,1.0,0.5322,0,conplag,True,True,0,0,0
d8a171a3_f229aa7f,d8a171a3.java,f229aa7f.java,0.4426,1.0,0.6098,0,conplag,True,True,0,0,0
722e318f_ff1fc018,722e318f.java,ff1fc018.java,0.2089,1.0,0.4462,0,conplag,True,True,0,0,0
c06_orig_np09,original.java,compared.java,0.8368,1.0,0.8858,0,ir_plag,True,True,0,0,0
c05_orig_L6v01,original.java,compared.java,0.3929,1.0,0.575,1,ir_plag,True,True,0,0,0
c07_orig_L2v03,original.java,compared.java,0.8961,1.0,0.9272,1,ir_plag,True,True,0,0,0
810cf242_968c1e7e,810cf242.java,968c1e7e.java,0.1889,1.0,0.4322,0,conplag,True,True,0,0,0
161b4a40_49e94e7e,161b4a40.java,49e94e7e.java,0.2953,1.0,0.5067,0,conplag,True,True,0,0,0
141effef_6653a758,141effef.java,6653a758.java,0.3664,1.0,0.5564,0,conplag,True,True,0,0,0
c01_orig_L5v04,original.java,compared.java,0.3837,1.0,0.5686,1,ir_plag,True,True,0,0,0
b185d034_ccc8ef27,b185d034.java,ccc8ef27.java,0.6104,1.0,0.7273,0,conplag,True,True,0,0,0
c02_orig_L5v06,original.java,compared.java,0.429,1.0,0.6003,1,ir_plag,True,True,0,0,0
3412b353_528a6162,3412b353.java,528a6162.java,1.0,1.0,1.0,1,conplag,True,True,0,0,0
c02_orig_L4v08,original.java,compared.java,0.4055,1.0,0.5838,1,ir_plag,True,True,0,0,0
c02_orig_np05,original.java,compared.java,0.3974,1.0,0.5782,0,ir_plag,True,True,0,0,0
3afcc566_d8a171a3,3afcc566.java,d8a171a3.java,0.3466,1.0,0.5426,0,conplag,True,True,0,0,0
c04_orig_L4v04,original.java,compared.java,0.3489,1.0,0.5442,1,ir_plag,True,True,0,0,0
2eb89317_d4a3869e,2eb89317.java,d4a3869e.java,0.3374,1.0,0.5362,0,conplag,True,True,0,0,0
127af3a7_99ccaa44,127af3a7.java,99ccaa44.java,0.3788,1.0,0.5651,0,conplag,True,True,0,0,0
bd3051e3_e2e37533,bd3051e3.java,e2e37533.java,1.0,1.0,1.0,1,conplag,True,True,0,0,0
1dab88fb_99ccaa44,1dab88fb.java,99ccaa44.java,0.3974,1.0,0.5782,0,conplag,True,True,0,0,0
c06_orig_L4v01,original.java,compared.java,0.4328,1.0,0.603,1,ir_plag,True,True,0,0,0
403e3270_58d18fca,403e3270.java,58d18fca.java,0.3389,1.0,0.5373,1,conplag,True,True,0,0,0
2eb89317_fcc7e8fa,2eb89317.java,fcc7e8fa.java,0.2886,1.0,0.502,0,conplag,True,True,0,0,0
49b94994_f0d91796,49b94994.java,f0d91796.java,0.2387,1.0,0.4671,0,conplag,True,True,0,0,0
c06_orig_np04,original.java,compared.java,0.689,1.0,0.7823,0,ir_plag,True,True,0,0,0
c01_orig_np12,original.java,compared.java,0.3387,1.0,0.5371,0,ir_plag,True,True,0,0,0
1a6f8b20_f6ed6826,1a6f8b20.java,f6ed6826.java,0.5038,1.0,0.6526,0,conplag,True,True,0,0,0
c05_orig_L4v07,original.java,compared.java,0.4147,1.0,0.5903,1,ir_plag,True,True,0,0,0
680ba922_6d7d5dd7,680ba922.java,6d7d5dd7.java,0.337,1.0,0.5359,0,conplag,True,True,0,0,0
c01_orig_L2v04,original.java,compared.java,1.0,1.0,1.0,1,ir_plag,True,True,0,0,0
6018974f_bdf7bfb2,6018974f.java,bdf7bfb2.java,0.3788,1.0,0.5652,0,conplag,True,True,0,0,0
2063ba3e_2ba7edb6,2063ba3e.java,2ba7edb6.java,0.3875,1.0,0.5712,0,conplag,True,True,0,0,0
c01_orig_L4v03,original.java,compared.java,0.3905,1.0,0.5734,1,ir_plag,True,True,0,0,0
c02_orig_L2v08,original.java,compared.java,0.5845,1.0,0.7092,1,ir_plag,True,True,0,0,0
54eb12ca_949502c2,54eb12ca.java,949502c2.java,0.5028,1.0,0.6519,0,conplag,True,True,0,0,0
c07_orig_L3v02,original.java,compared.java,0.4118,1.0,0.5883,1,ir_plag,True,True,0,0,0
c06_orig_L5v09,original.java,compared.java,0.8708,1.0,0.9096,1,ir_plag,True,True,0,0,0
93ee4612_da5cf40b,93ee4612.java,da5cf40b.java,0.304,1.0,0.5128,0,conplag,True,True,0,0,0
c03_orig_L5v09,original.java,compared.java,0.4082,1.0,0.5858,1,ir_plag,True,True,0,0,0
b2bae06a_d4779c71,b2bae06a.java,d4779c71.java,0.3275,1.0,0.5293,0,conplag,True,True,0,0,0
3d88acb8_b6023b26,3d88acb8.java,b6023b26.java,0.227,1.0,0.4589,0,conplag,True,True,0,0,0
a7e7f371_f8e7b886,a7e7f371.java,f8e7b886.java,0.359,1.0,0.5513,0,conplag,True,True,0,0,0
4a1573d6_db8d728d,4a1573d6.java,db8d728d.java,0.1341,1.0,0.3939,0,conplag,True,True,0,0,0
c05_orig_np05,original.java,compared.java,0.5586,1.0,0.691,0,ir_plag,True,True,0,0,0
c01_orig_L4v06,original.java,compared.java,0.1539,1.0,0.4078,1,ir_plag,True,True,0,0,0
034030f3_9e4ddc38,034030f3.java,9e4ddc38.java,0.3252,1.0,0.5277,0,conplag,True,True,0,0,0
d6bbd286_fabb36ff,d6bbd286.java,fabb36ff.java,0.514,1.0,0.6598,0,conplag,True,True,0,0,0
c01_orig_L6v08,original.java,compared.java,0.3246,1.0,0.5272,1,ir_plag,True,True,0,0,0
c06_orig_L5v07,original.java,compared.java,0.6084,1.0,0.7259,1,ir_plag,True,True,0,0,0
c07_orig_np05,original.java,compared.java,0.5542,1.0,0.688,0,ir_plag,True,True,0,0,0
c01_orig_np14,original.java,compared.java,0.2126,1.0,0.4488,0,ir_plag,True,True,0,0,0
00f79486_ce0b2178,00f79486.java,ce0b2178.java,0.3163,1.0,0.5214,0,conplag,True,True,0,0,0
8a729537_abd16ff0,8a729537.java,abd16ff0.java,0.4512,1.0,0.6158,1,conplag,True,True,0,0,0
976fe834_da54dec3,976fe834.java,da54dec3.java,0.4036,1.0,0.5825,0,conplag,True,True,0,0,0
63bfa731_949502c2,63bfa731.java,949502c2.java,0.4591,1.0,0.6214,1,conplag,True,True,0,0,0
c04_orig_L2v04,original.java,compared.java,0.3587,1.0,0.5511,1,ir_plag,True,True,0,0,0
49e94e7e_fcc7e8fa,49e94e7e.java,fcc7e8fa.java,0.4637,1.0,0.6246,0,conplag,True,True,0,0,0
c01_orig_L1v07,original.java,compared.java,1.0,1.0,1.0,1,ir_plag,True,True,0,0,0
3ff25f43_c287ea9d,3ff25f43.java,c287ea9d.java,0.4912,1.0,0.6439,0,conplag,True,True,0,0,0
0889dcfb_22138fad,0889dcfb.java,22138fad.java,0.3982,1.0,0.5787,0,conplag,True,True,0,0,0
9261620f_f0881ab5,9261620f.java,f0881ab5.java,1.0,1.0,1.0,1,conplag,True,True,0,0,0
2eb89317_5f0a176e,2eb89317.java,5f0a176e.java,0.3676,1.0,0.5573,0,conplag,True,True,0,0,0
18e2441c_792863db,18e2441c.java,792863db.java,0.3817,1.0,0.5672,0,conplag,True,True,0,0,0
08cf0478_9291ca83,08cf0478.java,9291ca83.java,0.445,1.0,0.6115,1,conplag,True,True,0,0,0
c05_orig_np13,original.java,compared.java,0.3761,1.0,0.5633,0,ir_plag,True,True,0,0,0
c04_orig_L3v05,original.java,compared.java,0.4566,1.0,0.6196,1,ir_plag,True,True,0,0,0
c02_orig_np04,original.java,compared.java,0.3898,1.0,0.5729,0,ir_plag,True,True,0,0,0
5f3a2a70_e7a997b5,5f3a2a70.java,e7a997b5.java,0.4488,1.0,0.6141,0,conplag,True,True,0,0,0
c06_orig_L6v02,original.java,compared.java,0.3688,1.0,0.5581,1,ir_plag,True,True,0,0,0
a4ec80a0_d314aa92,a4ec80a0.java,d314aa92.java,0.3057,1.0,0.514,0,conplag,True,True,0,0,0
d12f26f0_df594a00,d12f26f0.java,df594a00.java,0.3594,1.0,0.5516,0,conplag,True,True,0,0,0
31f29772_b728ba1d,31f29772.java,b728ba1d.java,0.4069,1.0,0.5848,0,conplag,True,True,0,0,0
680ba922_ee4b9467,680ba922.java,ee4b9467.java,0.4052,1.0,0.5836,0,conplag,True,True,0,0,0
c04_orig_L3v09,original.java,compared.java,0.4265,1.0,0.5986,1,ir_plag,True,True,0,0,0
584b0e9e_c9159d9c,584b0e9e.java,c9159d9c.java,0.2108,1.0,0.4475,0,conplag,True,True,0,0,0
0c9d4def_1a6f8b20,0c9d4def.java,1a6f8b20.java,0.5148,1.0,0.6604,0,conplag,True,True,0,0,0
c01_orig_np10,original.java,compared.java,0.3387,1.0,0.5371,0,ir_plag,True,True,0,0,0
c02_orig_np10,original.java,compared.java,0.3349,1.0,0.5344,0,ir_plag,True,True,0,0,0
69b2fd22_764484c3,69b2fd22.java,764484c3.java,0.461,1.0,0.6227,0,conplag,True,True,0,0,0
0f09b843_45e41c6d,0f09b843.java,45e41c6d.java,0.4804,1.0,0.6362,0,conplag,True,True,0,0,0
cc669e02_d88fa51c,cc669e02.java,d88fa51c.java,0.3574,1.0,0.5502,0,conplag,True,True,0,0,0
548ffb07_9ab3c0e1,548ffb07.java,9ab3c0e1.java,0.5659,1.0,0.6961,1,conplag,True,True,0,0,0
c04_orig_L4v03,original.java,compared.java,0.34,1.0,0.538,1,ir_plag,True,True,0,0,0
1410e423_da5cf40b,1410e423.java,da5cf40b.java,0.3007,1.0,0.5105,0,conplag,True,True,0,0,0
c03_orig_L6v04,original.java,compared.java,0.3119,1.0,0.5183,1,ir_plag,True,True,0,0,0
c04_orig_L1v05,original.java,compared.java,0.3193,1.0,0.5235,1,ir_plag,True,True,0,0,0
53d782a0_5769b7b3,53d782a0.java,5769b7b3.java,0.3925,1.0,0.5747,1,conplag,True,True,0,0,0
b9595381_c4ca2ff3,b9595381.java,c4ca2ff3.java,0.5372,1.0,0.6761,0,conplag,True,True,0,0,0
c03_orig_L4v05,original.java,compared.java,0.3281,1.0,0.5297,1,ir_plag,True,True,0,0,0
51cc7026_e81b2d16,51cc7026.java,e81b2d16.java,0.4111,1.0,0.5878,1,conplag,True,True,0,0,0
c06_orig_L6v07,original.java,compared.java,0.606,1.0,0.7242,1,ir_plag,True,True,0,0,0
1162c08f_6bcc5afd,1162c08f.java,6bcc5afd.java,0.6864,1.0,0.7805,1,conplag,True,True,0,0,0
c05_orig_L6v07,original.java,compared.java,0.4052,1.0,0.5837,1,ir_plag,True,True,0,0,0
c34bb733_ea899386,c34bb733.java,ea899386.java,0.316,1.0,0.5212,0,conplag,True,True,0,0,0
24afd00e_279e274a,24afd00e.java,279e274a.java,0.3622,1.0,0.5536,0,conplag,True,True,0,0,0
0588b869_69b2fd22,0588b869.java,69b2fd22.java,0.3907,1.0,0.5735,0,conplag,True,True,0,0,0
c01_orig_L6v07,original.java,compared.java,0.3069,1.0,0.5148,1,ir_plag,True,True,0,0,0
1162c08f_f6ca6fc8,1162c08f.java,f6ca6fc8.java,0.666,1.0,0.7662,1,conplag,True,True,0,0,0
c04_orig_L4v06,original.java,compared.java,0.2559,1.0,0.4791,1,ir_plag,True,True,0,0,0
28c2d81a_8f6421f3,28c2d81a.java,8f6421f3.java,0.3217,1.0,0.5252,1,conplag,True,True,0,0,0
04ed33a5_7ea34254,04ed33a5.java,7ea34254.java,0.1716,1.0,0.4201,0,conplag,True,True,0,0,0
2e1109d7_e7000ac2,2e1109d7.java,e7000ac2.java,1.0,1.0,1.0,1,conplag,True,True,0,0,0
69b2fd22_d221162a,69b2fd22.java,d221162a.java,0.4106,1.0,0.5874,0,conplag,True,True,0,0,0
10013f73_a8f7c8b7,10013f73.java,a8f7c8b7.java,0.3708,1.0,0.5596,0,conplag,True,True,0,0,0
04df7bb8_1ea771ea,04df7bb8.java,1ea771ea.java,0.1923,1.0,0.4346,1,conplag,True,True,0,0,0
07749c65_2bbf754b,07749c65.java,2bbf754b.java,0.2759,1.0,0.4931,0,conplag,True,True,0,0,0
c04_orig_np03,original.java,compared.java,0.7532,1.0,0.8272,0,ir_plag,True,True,0,0,0
c04_orig_L4v09,original.java,compared.java,0.8902,1.0,0.9231,1,ir_plag,True,True,0,0,0
505f8562_ed37ba7d,505f8562.java,ed37ba7d.java,0.5499,1.0,0.685,0,conplag,True,True,0,0,0
a8f7c8b7_c1638a45,a8f7c8b7.java,c1638a45.java,0.4456,1.0,0.612,0,conplag,True,True,0,0,0
2e404969_d76e3b9d,2e404969.java,d76e3b9d.java,0.3754,1.0,0.5628,0,conplag,True,True,0,0,0
39098126_3bcd2014,39098126.java,3bcd2014.java,0.3892,1.0,0.5725,0,conplag,True,True,0,0,0
20166f71_a98d56f9,20166f71.java,a98d56f9.java,0.3158,1.0,0.521,0,conplag,True,True,0,0,0
9310ad0c_f36138e7,9310ad0c.java,f36138e7.java,0.6587,1.0,0.7611,0,conplag,True,True,0,0,0
7c11511f_f3d7ce08,7c11511f.java,f3d7ce08.java,0.2216,1.0,0.4551,0,conplag,True,True,0,0,0
07038b12_a18cb2c1,07038b12.java,a18cb2c1.java,0.292,1.0,0.5044,0,conplag,True,True,0,0,0
584b0e9e_d9199dfd,584b0e9e.java,d9199dfd.java,0.3342,1.0,0.534,1,conplag,True,True,0,0,0
49e94e7e_da5cf40b,49e94e7e.java,da5cf40b.java,0.242,1.0,0.4694,0,conplag,True,True,0,0,0
3088ca9c_f6ed6826,3088ca9c.java,f6ed6826.java,0.4789,1.0,0.6353,0,conplag,True,True,0,0,0
11c2ab99_4f7af821,11c2ab99.java,4f7af821.java,0.2378,1.0,0.4665,1,conplag,True,True,0,0,0
24044589_e435b1ac,24044589.java,e435b1ac.java,0.4243,1.0,0.597,0,conplag,True,True,0,0,0
07a0e4dc_bac616ee,07a0e4dc.java,bac616ee.java,0.4148,1.0,0.5904,0,conplag,True,True,0,0,0
35f0c004_8d6f1bf5,35f0c004.java,8d6f1bf5.java,0.4369,1.0,0.6059,0,conplag,True,True,0,0,0
c03_orig_L6v08,original.java,compared.java,0.3534,1.0,0.5474,1,ir_plag,True,True,0,0,0
c01_orig_L1v05,original.java,compared.java,0.9918,1.0,0.9943,1,ir_plag,True,True,0,0,0
49b94994_558df7d4,49b94994.java,558df7d4.java,0.2624,1.0,0.4837,0,conplag,True,True,0,0,0
c07_orig_L4v09,original.java,compared.java,0.6075,1.0,0.7253,1,ir_plag,True,True,0,0,0
c01_orig_L3v02,original.java,compared.java,1.0,1.0,1.0,1,ir_plag,True,True,0,0,0
c02_orig_L4v09,original.java,compared.java,0.6823,1.0,0.7776,1,ir_plag,True,True,0,0,0
c01_orig_L5v03,original.java,compared.java,0.2373,1.0,0.4661,1,ir_plag,True,True,0,0,0
2da4b3fe_3d06b643,2da4b3fe.java,3d06b643.java,0.3694,1.0,0.5586,1,conplag,True,True,0,0,0
c02_orig_L1v02,original.java,compared.java,1.0,1.0,1.0,1,ir_plag,True,True,0,0,0
1230c43e_ce0b2178,1230c43e.java,ce0b2178.java,0.2872,1.0,0.501,0,conplag,True,True,0,0,0
c03_orig_L1v02,original.java,compared.java,1.0,1.0,1.0,1,ir_plag,True,True,0,0,0
c02_orig_L3v06,original.java,compared.java,0.4412,1.0,0.6088,1,ir_plag,True,True,0,0,0
175201f9_40cc90ae,175201f9.java,40cc90ae.java,0.3629,1.0,0.554,0,conplag,True,True,0,0,0
4138b081_f729338f,4138b081.java,f729338f.java,0.5389,1.0,0.6773,0,conplag,True,True,0,0,0
3dd65549_c1638a45,3dd65549.java,c1638a45.java,0.432,1.0,0.6024,0,conplag,True,True,0,0,0
c03_orig_np01,original.java,compared.java,0.8563,1.0,0.8994,0,ir_plag,True,True,0,0,0
7686c854_8a729537,7686c854.java,8a729537.java,0.3491,1.0,0.5444,1,conplag,True,True,0,0,0
5be7547e_cb032314,5be7547e.java,cb032314.java,0.4892,1.0,0.6425,0,conplag,True,True,0,0,0
c02_orig_L6v05,original.java,compared.java,0.3317,1.0,0.5322,1,ir_plag,True,True,0,0,0
80407703_99e059b8,80407703.java,99e059b8.java,0.2999,1.0,0.5099,0,conplag,True,True,0,0,0
15941165_3b10bd6d,15941165.java,3b10bd6d.java,0.3673,1.0,0.5571,0,conplag,True,True,0,0,0
51d857bc_c392efe7,51d857bc.java,c392efe7.java,0.4655,1.0,0.6259,0,conplag,True,True,0,0,0
c03_orig_L1v08,original.java,compared.java,1.0,1.0,1.0,1,ir_plag,True,True,0,0,0
c05_orig_L5v06,original.java,compared.java,0.4582,1.0,0.6207,1,ir_plag,True,True,0,0,0
4da08761_a5d5a95f,4da08761.java,a5d5a95f.java,0.3846,1.0,0.5692,0,conplag,True,True,0,0,0
0df4050e_6f02c6d9,0df4050e.java,6f02c6d9.java,0.3425,1.0,0.5398,1,conplag,True,True,0,0,0
2b9dfed3_351c9206,2b9dfed3.java,351c9206.java,1.0,1.0,1.0,1,conplag,True,True,0,0,0
c03_orig_L6v09,original.java,compared.java,0.4405,1.0,0.6083,1,ir_plag,True,True,0,0,0
bdfe8110_fadc1365,bdfe8110.java,fadc1365.java,0.3351,1.0,0.5345,1,conplag,True,True,0,0,0
c06_orig_L2v02,original.java,compared.java,1.0,1.0,1.0,1,ir_plag,True,True,0,0,0
c03_orig_L4v09,original.java,compared.java,0.3959,1.0,0.5772,1,ir_plag,True,True,0,0,0
1162c08f_a4d6775d,1162c08f.java,a4d6775d.java,0.3456,1.0,0.5419,1,conplag,True,True,0,0,0
c04_orig_np02,original.java,compared.java,0.7336,1.0,0.8135,0,ir_plag,True,True,0,0,0
c04_orig_L5v05,original.java,compared.java,0.3575,1.0,0.5503,1,ir_plag,True,True,0,0,0
c02_orig_L5v01,original.java,compared.java,0.3618,1.0,0.5533,1,ir_plag,True,True,0,0,0
c05_orig_L3v05,original.java,compared.java,0.378,1.0,0.5646,1,ir_plag,True,True,0,0,0
722e318f_c9159d9c,722e318f.java,c9159d9c.java,0.2372,1.0,0.466,0,conplag,True,True,0,0,0
c04_orig_L6v05,original.java,compared.java,0.3508,1.0,0.5456,1,ir_plag,True,True,0,0,0
9028caf7_d221162a,9028caf7.java,d221162a.java,0.4106,1.0,0.5874,0,conplag,True,True,0,0,0
c05_orig_L1v09,original.java,compared.java,1.0,1.0,1.0,1,ir_plag,True,True,0,0,0
c03_orig_L3v03,original.java,compared.java,1.0,1.0,1.0,1,ir_plag,True,True,0,0,0
c03_orig_np11,original.java,compared.java,0.458,1.0,0.6206,0,ir_plag,True,True,0,0,0
53196443_e496d229,53196443.java,e496d229.java,0.3835,1.0,0.5684,1,conplag,True,True,0,0,0
c01_orig_L6v01,original.java,compared.java,0.2219,1.0,0.4554,1,ir_plag,True,True,0,0,0
44428e63_9debf95c,44428e63.java,9debf95c.java,0.1734,1.0,0.4214,0,conplag,True,True,0,0,0
11d91f31_eea69e7f,11d91f31.java,eea69e7f.java,0.3331,1.0,0.5332,0,conplag,True,True,0,0,0
c01_orig_L3v04,original.java,compared.java,1.0,1.0,1.0,1,ir_plag,True,True,0,0,0
8a5fe3d9_ea899386,8a5fe3d9.java,ea899386.java,0.4161,1.0,0.5912,1,conplag,True,True,0,0,0
c04_orig_L6v06,original.java,compared.java,0.2482,1.0,0.4737,1,ir_plag,True,True,0,0,0
c07_orig_L2v01,original.java,compared.java,0.9254,1.0,0.9477,1,ir_plag,True,True,0,0,0
c07_orig_np15,original.java,compared.java,0.6902,1.0,0.7832,0,ir_plag,True,True,0,0,0
921b6e4a_e7dce35b,921b6e4a.java,e7dce35b.java,0.5516,1.0,0.6861,1,conplag,True,True,0,0,0
213340b3_35f0c004,213340b3.java,35f0c004.java,0.4613,1.0,0.6229,0,conplag,True,True,0,0,0
c05_orig_L4v02,original.java,compared.java,0.5336,1.0,0.6735,1,ir_plag,True,True,0,0,0
0fd5b95a_6490bbe8,0fd5b95a.java,6490bbe8.java,0.4122,1.0,0.5885,0,conplag,True,True,0,0,0
3cf63146_bdfe8110,3cf63146.java,bdfe8110.java,0.3237,1.0,0.5266,0,conplag,True,True,0,0,0
c04_orig_L4v01,original.java,compared.java,0.3438,1.0,0.5407,1,ir_plag,True,True,0,0,0
c07_orig_L4v02,original.java,compared.java,0.4041,1.0,0.5829,1,ir_plag,True,True,0,0,0
69b2fd22_d018b49f,69b2fd22.java,d018b49f.java,0.4327,1.0,0.6029,0,conplag,True,True,0,0,0
c04_orig_L1v01,original.java,compared.java,1.0,1.0,1.0,1,ir_plag,True,True,0,0,0
c03_orig_L1v03,original.java,compared.java,1.0,1.0,1.0,1,ir_plag,True,True,0,0,0
aa8091b0_ac180326,aa8091b0.java,ac180326.java,0.2531,1.0,0.4771,0,conplag,True,True,0,0,0
6f02c6d9_884f5678,6f02c6d9.java,884f5678.java,0.4049,1.0,0.5834,1,conplag,True,True,0,0,0
c05_orig_L6v03,original.java,compared.java,0.3471,1.0,0.543,1,ir_plag,True,True,0,0,0
5dbd0a07_bdc08e6f,5dbd0a07.java,bdc08e6f.java,1.0,1.0,1.0,1,conplag,True,True,0,0,0
d2a4c1fb_dcdaf666,d2a4c1fb.java,dcdaf666.java,0.3368,1.0,0.5357,0,conplag,True,True,0,0,0
c04_orig_L1v03,original.java,compared.java,1.0,1.0,1.0,1,ir_plag,True,True,0,0,0
c02_orig_np02,original.java,compared.java,0.6361,1.0,0.7452,0,ir_plag,True,True,0,0,0
8d6f1bf5_e90a198b,8d6f1bf5.java,e90a198b.java,0.3359,1.0,0.5351,0,conplag,True,True,0,0,0
c01_orig_L6v09,original.java,compared.java,0.2296,1.0,0.4607,1,ir_plag,True,True,0,0,0
14b0fb8e_8ddb5587,14b0fb8e.java,8ddb5587.java,0.3496,1.0,0.5447,0,conplag,True,True,0,0,0
c01_orig_np04,original.java,compared.java,0.3387,1.0,0.5371,0,ir_plag,True,True,0,0,0
26ad111c_b0a01ee7,26ad111c.java,b0a01ee7.java,0.5096,1.0,0.6567,0,conplag,True,True,0,0,0
9069684f_bf85ab7b,9069684f.java,bf85ab7b.java,0.3328,1.0,0.5329,0,conplag,True,True,0,0,0
7bc92b7f_9028caf7,7bc92b7f.java,9028caf7.java,0.4651,1.0,0.6256,0,conplag,True,True,0,0,0
c03_orig_np15,original.java,compared.java,0.4917,1.0,0.6442,0,ir_plag,True,True,0,0,0
701c3f35_d56bcb0c,701c3f35.java,d56bcb0c.java,0.2385,1.0,0.4669,0,conplag,True,True,0,0,0
4212c4b9_829d2024,4212c4b9.java,829d2024.java,0.3616,1.0,0.5531,1,conplag,True,True,0,0,0
016510dc_f1540246,016510dc.java,f1540246.java,0.3253,1.0,0.5277,0,conplag,True,True,0,0,0
0b04b41e_9291ca83,0b04b41e.java,9291ca83.java,0.6174,1.0,0.7322,1,conplag,True,True,0,0,0
a4e39423_ba8800f5,a4e39423.java,ba8800f5.java,0.4415,1.0,0.6091,0,conplag,True,True,0,0,0
c02_orig_np11,original.java,compared.java,0.3362,1.0,0.5353,0,ir_plag,True,True,0,0,0
9debf95c_ac596a43,9debf95c.java,ac596a43.java,1.0,1.0,1.0,1,conplag,True,True,0,0,0
aa8091b0_eec856c0,aa8091b0.java,eec856c0.java,0.4944,1.0,0.6461,1,conplag,True,True,0,0,0
2470b521_f6ca6fc8,2470b521.java,f6ca6fc8.java,0.2041,1.0,0.4428,0,conplag,True,True,0,0,0
c07_orig_L2v08,original.java,compared.java,0.8718,1.0,0.9102,1,ir_plag,True,True,0,0,0
04a706b1_5b7127bf,04a706b1.java,5b7127bf.java,0.4622,1.0,0.6236,0,conplag,True,True,0,0,0
0b91922c_71a4f6d2,0b91922c.java,71a4f6d2.java,0.2826,1.0,0.4978,0,conplag,True,True,0,0,0
065e0cbd_9b449b4f,065e0cbd.java,9b449b4f.java,0.3639,1.0,0.5548,0,conplag,True,True,0,0,0
ca8f11a4_e19376ca,ca8f11a4.java,e19376ca.java,0.3653,1.0,0.5557,0,conplag,True,True,0,0,0
c01_orig_np13,original.java,compared.java,1.0,1.0,1.0,0,ir_plag,True,True,0,0,0
3afcc566_90dc2b20,3afcc566.java,90dc2b20.java,0.4759,1.0,0.6332,0,conplag,True,True,0,0,0
778c91af_9399204d,778c91af.java,9399204d.java,0.4732,1.0,0.6313,0,conplag,True,True,0,0,0
4d279121_a3e272af,4d279121.java,a3e272af.java,0.48,1.0,0.636,0,conplag,True,True,0,0,0
29210e56_4323e2bd,29210e56.java,4323e2bd.java,0.3391,1.0,0.5373,0,conplag,True,True,0,0,0
c02_orig_L5v07,original.java,compared.java,0.6517,1.0,0.7562,1,ir_plag,True,True,0,0,0
c01_orig_np07,original.java,compared.java,0.2702,1.0,0.4891,0,ir_plag,True,True,0,0,0
1a400c1b_b505f95e,1a400c1b.java,b505f95e.java,0.4814,1.0,0.637,0,conplag,True,True,0,0,0
c05_orig_L1v04,original.java,compared.java,0.8972,1.0,0.928,1,ir_plag,True,True,0,0,0
c06_orig_L2v08,original.java,compared.java,1.0,1.0,1.0,1,ir_plag,True,True,0,0,0
16857116_e185bce5,16857116.java,e185bce5.java,0.3883,1.0,0.5718,0,conplag,True,True,0,0,0
6f393cfe_b185d034,6f393cfe.java,b185d034.java,0.4228,1.0,0.5959,0,conplag,True,True,0,0,0
54d7c21e_ad4c7a20,54d7c21e.java,ad4c7a20.java,0.2921,1.0,0.5045,1,conplag,True,True,0,0,0
c02_orig_L5v08,original.java,compared.java,0.413,1.0,0.5891,1,ir_plag,True,True,0,0,0
c06_orig_np15,original.java,compared.java,0.6272,1.0,0.739,0,ir_plag,True,True,0,0,0
c06_orig_L4v04,original.java,compared.java,0.4178,1.0,0.5925,1,ir_plag,True,True,0,0,0
00af3420_d92c5342,00af3420.java,d92c5342.java,0.4608,1.0,0.6225,0,conplag,True,True,0,0,0
9069684f_fffc11ee,9069684f.java,fffc11ee.java,0.3622,1.0,0.5535,0,conplag,True,True,0,0,0
3850468c_403e3270,3850468c.java,403e3270.java,0.2746,1.0,0.4922,0,conplag,True,True,0,0,0
c03_orig_L1v04,original.java,compared.java,0.9524,1.0,0.9667,1,ir_plag,True,True,0,0,0
853acff9_929b98f0,853acff9.java,929b98f0.java,0.4538,1.0,0.6176,0,conplag,True,True,0,0,0
4323e2bd_ebd8ff55,4323e2bd.java,ebd8ff55.java,0.2631,1.0,0.4842,0,conplag,True,True,0,0,0
3368f340_a8f7c8b7,3368f340.java,a8f7c8b7.java,0.4257,1.0,0.598,1,conplag,True,True,0,0,0
608ee4fb_be7b6026,608ee4fb.java,be7b6026.java,0.3931,1.0,0.5752,0,conplag,True,True,0,0,0
4a570de6_6c4ac8d3,4a570de6.java,6c4ac8d3.java,0.3329,1.0,0.5331,0,conplag,True,True,0,0,0
08cf0478_0f14b12d,08cf0478.java,0f14b12d.java,0.3751,1.0,0.5626,0,conplag,True,True,0,0,0
c06_orig_L6v03,original.java,compared.java,0.5799,1.0,0.706,1,ir_plag,True,True,0,0,0
49e94e7e_f3d7ce08,49e94e7e.java,f3d7ce08.java,0.2931,1.0,0.5052,0,conplag,True,True,0,0,0
9f354c5c_a6532df9,9f354c5c.java,a6532df9.java,0.3658,1.0,0.556,0,conplag,True,True,0,0,0
04df7bb8_aaccc000,04df7bb8.java,aaccc000.java,0.1577,1.0,0.4104,1,conplag,True,True,0,0,0
c9da41af_f59d9b6e,c9da41af.java,f59d9b6e.java,0.398,1.0,0.5786,1,conplag,True,True,0,0,0
4548305b_be3b1289,4548305b.java,be3b1289.java,0.3324,1.0,0.5327,1,conplag,True,True,0,0,0
c02_orig_L3v03,original.java,compared.java,0.3953,1.0,0.5767,1,ir_plag,True,True,0,0,0
c01_orig_L2v03,original.java,compared.java,1.0,1.0,1.0,1,ir_plag,True,True,0,0,0
8c591975_b6724dd9,8c591975.java,b6724dd9.java,0.2152,1.0,0.4506,0,conplag,True,True,0,0,0
80881cae_a7e7f371,80881cae.java,a7e7f371.java,0.434,1.0,0.6038,1,conplag,True,True,0,0,0
4da08761_6f393cfe,4da08761.java,6f393cfe.java,0.4499,1.0,0.6149,0,conplag,True,True,0,0,0
11373c16_d8e4eb5e,11373c16.java,d8e4eb5e.java,0.4116,1.0,0.5881,0,conplag,True,True,0,0,0
c02_orig_L1v03,original.java,compared.java,1.0,1.0,1.0,1,ir_plag,True,True,0,0,0
c04_orig_L4v05,original.java,compared.java,0.3591,1.0,0.5514,1,ir_plag,True,True,0,0,0
26e699de_3dd65549,26e699de.java,3dd65549.java,0.4004,1.0,0.5803,0,conplag,True,True,0,0,0
4ea10951_7c11511f,4ea10951.java,7c11511f.java,0.3113,1.0,0.5179,0,conplag,True,True,0,0,0
22b41936_45f5632f,22b41936.java,45f5632f.java,0.2906,1.0,0.5034,0,conplag,True,True,0,0,0
c01_orig_L2v01,original.java,compared.java,1.0,1.0,1.0,1,ir_plag,True,True,0,0,0
c01_orig_L5v05,original.java,compared.java,0.3069,1.0,0.5148,1,ir_plag,True,True,0,0,0
0d4d22e0_f898cee0,0d4d22e0.java,f898cee0.java,0.2559,1.0,0.4791,0,conplag,True,True,0,0,0
22b41936_8f855b99,22b41936.java,8f855b99.java,0.4206,1.0,0.5944,0,conplag,True,True,0,0,0
550335a3_6d7d5dd7,550335a3.java,6d7d5dd7.java,0.2105,1.0,0.4473,0,conplag,True,True,0,0,0
c06_orig_L6v05,original.java,compared.java,0.3589,1.0,0.5512,1,ir_plag,True,True,0,0,0
60557643_948e98b6,60557643.java,948e98b6.java,0.1681,1.0,0.4177,0,conplag,True,True,0,0,0
c07_orig_L2v06,original.java,compared.java,0.8961,1.0,0.9272,1,ir_plag,True,True,0,0,0
3a12e509_6de04ee2,3a12e509.java,6de04ee2.java,0.2148,1.0,0.4503,0,conplag,True,True,0,0,0
e1c4f3db_e81b2d16,e1c4f3db.java,e81b2d16.java,0.4176,1.0,0.5923,1,conplag,True,True,0,0,0
0fdc80c5_28c2d81a,0fdc80c5.java,28c2d81a.java,0.2883,1.0,0.5018,1,conplag,True,True,0,0,0
1c8bb204_4b7646f4,1c8bb204.java,4b7646f4.java,1.0,1.0,1.0,1,conplag,True,True,0,0,0
1ea771ea_b9219544,1ea771ea.java,b9219544.java,0.3012,1.0,0.5108,0,conplag,True,True,0,0,0
2da4b3fe_f4b87cc2,2da4b3fe.java,f4b87cc2.java,0.321,1.0,0.5247,0,conplag,True,True,0,0,0
464a03b8_c9159d9c,464a03b8.java,c9159d9c.java,0.379,1.0,0.5653,0,conplag,True,True,0,0,0
c05_orig_L3v03,original.java,compared.java,0.4215,1.0,0.595,1,ir_plag,True,True,0,0,0
c03_orig_np02,original.java,compared.java,0.5343,1.0,0.674,0,ir_plag,True,True,0,0,0
17e67976_656b62de,17e67976.java,656b62de.java,0.3553,1.0,0.5487,0,conplag,True,True,0,0,0
ba468e1f_ff34fab2,ba468e1f.java,ff34fab2.java,0.4056,1.0,0.5839,0,conplag,True,True,0,0,0
c03_orig_np05,original.java,compared.java,0.5346,1.0,0.6742,0,ir_plag,True,True,0,0,0
c05_orig_np07,original.java,compared.java,0.5775,1.0,0.7043,0,ir_plag,True,True,0,0,0
6255ee79_ac8ef97c,6255ee79.java,ac8ef97c.java,0.3863,1.0,0.5704,0,conplag,True,True,0,0,0
c06_orig_L6v04,original.java,compared.java,0.3533,1.0,0.5473,1,ir_plag,True,True,0,0,0
35bb6075_42fe7dd0,35bb6075.java,42fe7dd0.java,0.5406,1.0,0.6784,0,conplag,True,True,0,0,0
0f14b12d_7d12d33c,0f14b12d.java,7d12d33c.java,0.5832,1.0,0.7083,1,conplag,True,True,0,0,0
0d11fb94_8c79c384,0d11fb94.java,8c79c384.java,0.332,1.0,0.5324,0,conplag,True,True,0,0,0
25597bcb_5fcbdd19,25597bcb.java,5fcbdd19.java,0.3646,1.0,0.5552,0,conplag,True,True,0,0,0
c07_orig_L3v01,original.java,compared.java,0.407,1.0,0.5849,1,ir_plag,True,True,0,0,0
2120328e_52cd85f2,2120328e.java,52cd85f2.java,0.2816,1.0,0.4971,0,conplag,True,True,0,0,0
c07_orig_L6v05,original.java,compared.java,0.3198,1.0,0.5238,1,ir_plag,True,True,0,0,0
646b3abc_8261bd1c,646b3abc.java,8261bd1c.java,0.4579,1.0,0.6205,0,conplag,True,True,0,0,0
1adac634_ee0bc145,1adac634.java,ee0bc145.java,0.2782,1.0,0.4948,0,conplag,True,True,0,0,0
5288afb7_df594a00,5288afb7.java,df594a00.java,0.3522,1.0,0.5466,0,conplag,True,True,0,0,0
317a209c_9ab3c0e1,317a209c.java,9ab3c0e1.java,0.5601,1.0,0.6921,1,conplag,True,True,0,0,0
a60fba84_c695a974,a60fba84.java,c695a974.java,0.2897,1.0,0.5028,0,conplag,True,True,0,0,0
c05_orig_L3v06,original.java,compared.java,0.4914,1.0,0.644,1,ir_plag,True,True,0,0,0
29210e56_c4cdd3af,29210e56.java,c4cdd3af.java,0.3428,1.0,0.5399,0,conplag,True,True,0,0,0
8f30bfc3_af1b152e,8f30bfc3.java,af1b152e.java,1.0,1.0,1.0,1,conplag,True,True,0,0,0
169e34bf_609af028,169e34bf.java,609af028.java,0.3061,1.0,0.5143,0,conplag,True,True,0,0,0
63118334_c392efe7,63118334.java,c392efe7.java,0.4409,1.0,0.6087,0,conplag,True,True,0,0,0
161b4a40_da5cf40b,161b4a40.java,da5cf40b.java,0.2701,1.0,0.489,0,conplag,True,True,0,0,0
c07_orig_L5v05,original.java,compared.java,0.3436,1.0,0.5405,1,ir_plag,True,True,0,0,0
120878da_ac180326,120878da.java,ac180326.java,0.2342,1.0,0.464,0,conplag,True,True,0,0,0
0d11fb94_f9e08a46,0d11fb94.java,f9e08a46.java,0.3127,1.0,0.5189,0,conplag,True,True,0,0,0
81fb6415_fb69b3b4,81fb6415.java,fb69b3b4.java,0.618,1.0,0.7326,0,conplag,True,True,0,0,0
c01_orig_np05,original.java,compared.java,0.3387,1.0,0.5371,0,ir_plag,True,True,0,0,0
c04_orig_np09,original.java,compared.java,0.7642,1.0,0.8349,0,ir_plag,True,True,0,0,0
1f257299_76b978c2,1f257299.java,76b978c2.java,0.3768,1.0,0.5637,0,conplag,True,True,0,0,0
c07_orig_L3v08,original.java,compared.java,0.6279,1.0,0.7395,1,ir_plag,True,True,0,0,0
24b20554_43b10dec,24b20554.java,43b10dec.java,0.4205,1.0,0.5943,1,conplag,True,True,0,0,0
45f46b14_7b162d33,45f46b14.java,7b162d33.java,0.4252,1.0,0.5976,1,conplag,True,True,0,0,0
b7de5c19_c022c315,b7de5c19.java,c022c315.java,0.4712,1.0,0.6298,0,conplag,True,True,0,0,0
b7de5c19_ee65f7f5,b7de5c19.java,ee65f7f5.java,0.3473,1.0,0.5431,0,conplag,True,True,0,0,0
929b98f0_bf85ab7b,929b98f0.java,bf85ab7b.java,0.3444,1.0,0.5411,0,conplag,True,True,0,0,0
c06_orig_L3v03,original.java,compared.java,1.0,1.0,1.0,1,ir_plag,True,True,0,0,0
c05_orig_L1v03,original.java,compared.java,1.0,1.0,1.0,1,ir_plag,True,True,0,0,0
c06_orig_L2v05,original.java,compared.java,0.2815,1.0,0.4971,1,ir_plag,True,True,0,0,0
16857116_6e207cbf,16857116.java,6e207cbf.java,0.2691,1.0,0.4884,0,conplag,True,True,0,0,0
28d8c381_417833c3,28d8c381.java,417833c3.java,0.2741,1.0,0.4919,0,conplag,True,True,0,0,0
1c90c367_f0801d53,1c90c367.java,f0801d53.java,0.2642,1.0,0.485,1,conplag,True,True,0,0,0
c01_orig_np01,original.java,compared.java,0.3387,1.0,0.5371,0,ir_plag,True,True,0,0,0
c05_orig_L4v06,original.java,compared.java,0.5853,1.0,0.7097,1,ir_plag,True,True,0,0,0
c02_orig_np08,original.java,compared.java,0.7035,1.0,0.7925,0,ir_plag,True,True,0,0,0
7d7cf9a7_e45446bc,7d7cf9a7.java,e45446bc.java,0.3505,1.0,0.5453,0,conplag,True,True,0,0,0
c03_orig_L6v07,original.java,compared.java,0.4241,1.0,0.5969,1,ir_plag,True,True,0,0,0
73f1c5f5_da0b7cb2,73f1c5f5.java,da0b7cb2.java,0.316,1.0,0.5212,0,conplag,True,True,0,0,0
21123500_fbd26aa0,21123500.java,fbd26aa0.java,1.0,1.0,1.0,1,conplag,True,True,0,0,0
1b372750_fdd41565,1b372750.java,fdd41565.java,0.3631,1.0,0.5542,1,conplag,True,True,0,0,0
4da08761_c4ca2ff3,4da08761.java,c4ca2ff3.java,0.4211,1.0,0.5947,1,conplag,True,True,0,0,0
46e9aed4_8ddb5587,46e9aed4.java,8ddb5587.java,0.3505,1.0,0.5454,0,conplag,True,True,0,0,0
35eb27da_64ce7b1e,35eb27da.java,64ce7b1e.java,0.3025,1.0,0.5118,0,conplag,True,True,0,0,0
884f5678_cf27732e,884f5678.java,cf27732e.java,0.3535,1.0,0.5475,0,conplag,True,True,0,0,0
55ab9b5d_c6113c06,55ab9b5d.java,c6113c06.java,0.8151,1.0,0.8706,1,conplag,True,True,0,0,0
927384f2_b2bae06a,927384f2.java,b2bae06a.java,0.4828,1.0,0.638,1,conplag,True,True,0,0,0
c05_orig_L3v09,original.java,compared.java,0.4281,1.0,0.5997,1,ir_plag,True,True,0,0,0
9028caf7_a4e39423,9028caf7.java,a4e39423.java,0.4674,1.0,0.6272,0,conplag,True,True,0,0,0
5289e80a_d82fa7e3,5289e80a.java,d82fa7e3.java,0.3824,1.0,0.5677,0,conplag,True,True,0,0,0
c06_orig_L6v06,original.java,compared.java,0.2879,1.0,0.5016,1,ir_plag,True,True,0,0,0
c03_orig_L4v08,original.java,compared.java,0.3616,1.0,0.5531,1,ir_plag,True,True,0,0,0
35bb6075_ed728769,35bb6075.java,ed728769.java,0.5684,1.0,0.6979,0,conplag,True,True,0,0,0
69b2fd22_e6b7a899,69b2fd22.java,e6b7a899.java,0.272,1.0,0.4904,0,conplag,True,True,0,0,0
c05_orig_np11,original.java,compared.java,0.323,1.0,0.5261,0,ir_plag,True,True,0,0,0
624b8db5_eacc407e,624b8db5.java,eacc407e.java,0.4646,1.0,0.6252,0,conplag,True,True,0,0,0
29cb9b0e_d3da65ff,29cb9b0e.java,d3da65ff.java,1.0,1.0,1.0,1,conplag,True,True,0,0,0
c04_orig_L5v03,original.java,compared.java,0.3266,1.0,0.5286,1,ir_plag,True,True,0,0,0
c01_orig_L3v06,original.java,compared.java,1.0,1.0,1.0,1,ir_plag,True,True,0,0,0
2695ce73_ac8acb97,2695ce73.java,ac8acb97.java,0.5116,1.0,0.6581,1,conplag,True,True,0,0,0
90dc2b20_f229aa7f,90dc2b20.java,f229aa7f.java,0.392,1.0,0.5744,0,conplag,True,True,0,0,0
eea69e7f_f6ca6fc8,eea69e7f.java,f6ca6fc8.java,0.4494,1.0,0.6146,0,conplag,True,True,0,0,0
372a4f50_e435b1ac,372a4f50.java,e435b1ac.java,0.2875,1.0,0.5012,0,conplag,True,True,0,0,0
c05_orig_L4v03,original.java,compared.java,0.3699,1.0,0.5589,1,ir_plag,True,True,0,0,0
c06_orig_L1v04,original.java,compared.java,0.8261,1.0,0.8782,1,ir_plag,True,True,0,0,0
132281e9_f415c0bf,132281e9.java,f415c0bf.java,0.5542,1.0,0.6879,1,conplag,True,True,0,0,0
0e87b87f_6369a7a2,0e87b87f.java,6369a7a2.java,0.2386,1.0,0.467,0,conplag,True,True,0,0,0
c01_orig_L3v05,original.java,compared.java,0.276,1.0,0.4932,1,ir_plag,True,True,0,0,0
c06_orig_L3v06,original.java,compared.java,0.6804,1.0,0.7763,1,ir_plag,True,True,0,0,0
c02_orig_L6v02,original.java,compared.java,0.3622,1.0,0.5536,1,ir_plag,True,True,0,0,0
73f57af1_ac8ef97c,73f57af1.java,ac8ef97c.java,0.2778,1.0,0.4944,0,conplag,True,True,0,0,0
c07_orig_L6v01,original.java,compared.java,0.3973,1.0,0.5781,1,ir_plag,True,True,0,0,0
7279bcb3_cfba313d,7279bcb3.java,cfba313d.java,0.3268,1.0,0.5288,1,conplag,True,True,0,0,0
a5d5a95f_c4ca2ff3,a5d5a95f.java,c4ca2ff3.java,0.5358,1.0,0.6751,0,conplag,True,True,0,0,0
1500a4fa_d7a8434f,1500a4fa.java,d7a8434f.java,0.4091,1.0,0.5863,0,conplag,True,True,0,0,0
2b7b2d45_a0b406e6,2b7b2d45.java,a0b406e6.java,0.4387,1.0,0.6071,1,conplag,True,True,0,0,0
c02_orig_L5v03,original.java,compared.java,0.377,1.0,0.5639,1,ir_plag,True,True,0,0,0
c06_orig_L5v01,original.java,compared.java,0.3917,1.0,0.5742,1,ir_plag,True,True,0,0,0
72d4d693_ad2a1ae2,72d4d693.java,ad2a1ae2.java,0.5898,1.0,0.7129,0,conplag,True,True,0,0,0
c287ea9d_d2901569,c287ea9d.java,d2901569.java,0.3919,1.0,0.5744,0,conplag,True,True,0,0,0
c02_orig_np03,original.java,compared.java,0.7317,1.0,0.8122,0,ir_plag,True,True,0,0,0
4e5ee0f7_d6fb3b9e,4e5ee0f7.java,d6fb3b9e.java,0.302,1.0,0.5114,0,conplag,True,True,0,0,0
1162c08f_734a94be,1162c08f.java,734a94be.java,0.4174,1.0,0.5922,1,conplag,True,True,0,0,0
0588b869_11373c16,0588b869.java,11373c16.java,0.3819,1.0,0.5673,0,conplag,True,True,0,0,0
c04_orig_L6v09,original.java,compared.java,0.3298,1.0,0.5308,1,ir_plag,True,True,0,0,0
c05_orig_np09,original.java,compared.java,0.3616,1.0,0.5531,0,ir_plag,True,True,0,0,0
c73cd266_d2eb953e,c73cd266.java,d2eb953e.java,0.4351,1.0,0.6045,0,conplag,True,True,0,0,0
c04_orig_L1v07,original.java,compared.java,1.0,1.0,1.0,1,ir_plag,True,True,0,0,0
6bcc5afd_cb87df79,6bcc5afd.java,cb87df79.java,0.4453,1.0,0.6117,1,conplag,True,True,0,0,0
29cf2e70_2f4509a0,29cf2e70.java,2f4509a0.java,0.379,1.0,0.5653,1,conplag,True,True,0,0,0
e185bce5_f3d7ce08,e185bce5.java,f3d7ce08.java,0.3662,1.0,0.5563,0,conplag,True,True,0,0,0
c04_orig_L1v09,original.java,compared.java,1.0,1.0,1.0,1,ir_plag,True,True,0,0,0
169e34bf_ba468e1f,169e34bf.java,ba468e1f.java,0.3255,1.0,0.5278,0,conplag,True,True,0,0,0
9fc811f7_cff39394,9fc811f7.java,cff39394.java,0.5717,1.0,0.7002,1,conplag,True,True,0,0,0
c06_orig_L2v07,original.java,compared.java,0.8708,1.0,0.9096,1,ir_plag,True,True,0,0,0
3951966f_b842cf12,3951966f.java,b842cf12.java,0.4121,1.0,0.5885,0,conplag,True,True,0,0,0
0ee2f8f1_c2b7b017,0ee2f8f1.java,c2b7b017.java,0.3991,1.0,0.5794,1,conplag,True,True,0,0,0
c07_orig_L4v08,original.java,compared.java,0.7148,1.0,0.8004,1,ir_plag,True,True,0,0,0
c05_orig_L4v08,original.java,compared.java,0.4817,1.0,0.6372,1,ir_plag,True,True,0,0,0
40cc90ae_9399204d,40cc90ae.java,9399204d.java,0.3899,1.0,0.5729,0,conplag,True,True,0,0,0
c06_orig_np10,original.java,compared.java,0.8708,1.0,0.9096,0,ir_plag,True,True,0,0,0
3dd65549_90dc2b20,3dd65549.java,90dc2b20.java,0.4166,1.0,0.5917,0,conplag,True,True,0,0,0
317a209c_548ffb07,317a209c.java,548ffb07.java,0.6952,1.0,0.7866,1,conplag,True,True,0,0,0
c02_orig_L6v09,original.java,compared.java,0.4399,1.0,0.6079,1,ir_plag,True,True,0,0,0
3b498a39_e6b7a899,3b498a39.java,e6b7a899.java,0.3048,1.0,0.5133,0,conplag,True,True,0,0,0
4da08761_d6fb3b9e,4da08761.java,d6fb3b9e.java,0.3279,1.0,0.5295,0,conplag,True,True,0,0,0
bf0df1d5_d1cd194e,bf0df1d5.java,d1cd194e.java,0.3924,1.0,0.5747,0,conplag,True,True,0,0,0
c01_orig_L1v01,original.java,compared.java,1.0,1.0,1.0,1,ir_plag,True,True,0,0,0
c02_orig_np12,original.java,compared.java,1.0,1.0,1.0,0,ir_plag,True,True,0,0,0
7d9b95c0_9d33ca79,7d9b95c0.java,9d33ca79.java,0.4078,1.0,0.5855,0,conplag,True,True,0,0,0
6f02c6d9_c9159d9c,6f02c6d9.java,c9159d9c.java,0.5791,1.0,0.7054,0,conplag,True,True,0,0,0
6de04ee2_d9199dfd,6de04ee2.java,d9199dfd.java,0.3197,1.0,0.5238,0,conplag,True,True,0,0,0
169e34bf_c9159d9c,169e34bf.java,c9159d9c.java,0.3376,1.0,0.5363,0,conplag,True,True,0,0,0
8535bdf7_e86eb5b0,8535bdf7.java,e86eb5b0.java,0.4148,1.0,0.5904,0,conplag,True,True,0,0,0
98950986_b9595381,98950986.java,b9595381.java,0.3763,1.0,0.5634,0,conplag,True,True,0,0,0
c04_orig_np12,original.java,compared.java,0.2275,1.0,0.4592,0,ir_plag,True,True,0,0,0
c05_orig_L6v06,original.java,compared.java,0.2705,1.0,0.4893,1,ir_plag,True,True,0,0,0
c05_orig_L6v05,original.java,compared.java,0.3716,1.0,0.5601,1,ir_plag,True,True,0,0,0
d9199dfd_fb312dc6,d9199dfd.java,fb312dc6.java,0.3498,1.0,0.5449,1,conplag,True,True,0,0,0
04df7bb8_ee270b2a,04df7bb8.java,ee270b2a.java,0.1405,1.0,0.3983,1,conplag,True,True,0,0,0
9cea10af_d63e6e3f,9cea10af.java,d63e6e3f.java,0.4079,1.0,0.5856,0,conplag,True,True,0,0,0
2f8c3bf3_a3abac01,2f8c3bf3.java,a3abac01.java,0.3927,1.0,0.5749,1,conplag,True,True,0,0,0
c01_orig_L1v08,original.java,compared.java,1.0,1.0,1.0,1,ir_plag,True,True,0,0,0
c07_orig_L3v07,original.java,compared.java,0.7488,1.0,0.8241,1,ir_plag,True,True,0,0,0
810fd282_ec558d69,810fd282.java,ec558d69.java,0.8416,1.0,0.8891,1,conplag,True,True,0,0,0
1dab88fb_b7de5c19,1dab88fb.java,b7de5c19.java,0.4297,1.0,0.6008,0,conplag,True,True,0,0,0
8532d5ed_b9595381,8532d5ed.java,b9595381.java,0.4089,1.0,0.5862,0,conplag,True,True,0,0,0
c03_orig_np04,original.java,compared.java,0.9732,1.0,0.9813,0,ir_plag,True,True,0,0,0
c07_orig_L4v01,original.java,compared.java,0.4142,1.0,0.59,1,ir_plag,True,True,0,0,0
a368f345_b434c275,a368f345.java,b434c275.java,0.4405,1.0,0.6084,0,conplag,True,True,0,0,0
c03_orig_L3v07,original.java,compared.java,0.5161,1.0,0.6612,1,ir_plag,True,True,0,0,0
b790ef12_ff34fab2,b790ef12.java,ff34fab2.java,0.3012,1.0,0.5109,0,conplag,True,True,0,0,0
b434c275_fdc4f384,b434c275.java,fdc4f384.java,0.9428,1.0,0.96,1,conplag,True,True,0,0,0
c03_orig_L2v03,original.java,compared.java,1.0,1.0,1.0,1,ir_plag,True,True,0,0,0
c06_orig_L6v08,original.java,compared.java,0.4929,1.0,0.645,1,ir_plag,True,True,0,0,0
35bb6075_76a69f5c,35bb6075.java,76a69f5c.java,0.3304,1.0,0.5313,0,conplag,True,True,0,0,0
c03_orig_L2v09,original.java,compared.java,0.5026,1.0,0.6518,1,ir_plag,True,True,0,0,0
c03_orig_L5v04,original.java,compared.java,0.3829,1.0,0.568,1,ir_plag,True,True,0,0,0
b728ba1d_d04e5afb,b728ba1d.java,d04e5afb.java,1.0,1.0,1.0,1,conplag,True,True,0,0,0
884f5678_9862c742,884f5678.java,9862c742.java,0.306,1.0,0.5142,0,conplag,True,True,0,0,0
9ed0ece8_c48673a6,9ed0ece8.java,c48673a6.java,0.3344,1.0,0.5341,0,conplag,True,True,0,0,0
28820c82_8637bb90,28820c82.java,8637bb90.java,0.4355,1.0,0.6048,0,conplag,True,True,0,0,0
4a5b029f_fb05904c,4a5b029f.java,fb05904c.java,0.3666,1.0,0.5566,0,conplag,True,True,0,0,0
90dc2b20_d8a171a3,90dc2b20.java,d8a171a3.java,0.3902,1.0,0.5731,0,conplag,True,True,0,0,0
9e7551da_f0e13442,9e7551da.java,f0e13442.java,0.9917,1.0,0.9942,1,conplag,True,True,0,0,0
c03_orig_np14,original.java,compared.java,0.3703,1.0,0.5592,0,ir_plag,True,True,0,0,0
3d88acb8_8aadde13,3d88acb8.java,8aadde13.java,0.2395,1.0,0.4676,1,conplag,True,True,0,0,0
c07_orig_L2v04,original.java,compared.java,0.8235,1.0,0.8765,1,ir_plag,True,True,0,0,0
01c915a2_4e5ee0f7,01c915a2.java,4e5ee0f7.java,0.3896,1.0,0.5727,0,conplag,True,True,0,0,0
c01_orig_L4v05,original.java,compared.java,0.3837,1.0,0.5686,1,ir_plag,True,True,0,0,0
c06_orig_np06,original.java,compared.java,0.8368,1.0,0.8858,0,ir_plag,True,True,0,0,0
7011024d_e6b7a899,7011024d.java,e6b7a899.java,0.2367,1.0,0.4657,0,conplag,True,True,0,0,0
c02_orig_np13,original.java,compared.java,0.4412,1.0,0.6088,0,ir_plag,True,True,0,0,0
46bde295_8a858867,46bde295.java,8a858867.java,0.4142,1.0,0.5899,1,conplag,True,True,0,0,0
aa266c38_b5fbe7a2,aa266c38.java,b5fbe7a2.java,0.3492,1.0,0.5445,1,conplag,True,True,0,0,0
1f748faf_851fafb6,1f748faf.java,851fafb6.java,0.3083,1.0,0.5158,0,conplag,True,True,0,0,0
25151980_3b5cec19,25151980.java,3b5cec19.java,0.5367,1.0,0.6757,0,conplag,True,True,0,0,0
2f8c3bf3_3c667d4f,2f8c3bf3.java,3c667d4f.java,0.7556,1.0,0.8289,0,conplag,True,True,0,0,0
c03_orig_L5v06,original.java,compared.java,0.4258,1.0,0.5981,1,ir_plag,True,True,0,0,0
4dc0247e_875ed4c8,4dc0247e.java,875ed4c8.java,0.4439,1.0,0.6107,0,conplag,True,True,0,0,0
c02_orig_L4v02,original.java,compared.java,0.3504,1.0,0.5453,1,ir_plag,True,True,0,0,0
c02_orig_np01,original.java,compared.java,0.9217,1.0,0.9452,0,ir_plag,True,True,0,0,0
5f3a196a_d76e3b9d,5f3a196a.java,d76e3b9d.java,0.5109,1.0,0.6576,0,conplag,True,True,0,0,0
476e94d3_9310ad0c,476e94d3.java,9310ad0c.java,0.3297,1.0,0.5308,0,conplag,True,True,0,0,0
2915ac5b_9b8c6bd7,2915ac5b.java,9b8c6bd7.java,0.5842,1.0,0.7089,1,conplag,True,True,0,0,0
4201fdf7_93322168,4201fdf7.java,93322168.java,0.2953,1.0,0.5067,0,conplag,True,True,0,0,0
c03_orig_L4v04,original.java,compared.java,0.3102,1.0,0.5171,1,ir_plag,True,True,0,0,0
c05_orig_np03,original.java,compared.java,0.3961,1.0,0.5772,0,ir_plag,True,True,0,0,0
38129877_7493a104,38129877.java,7493a104.java,1.0,1.0,1.0,1,conplag,True,True,0,0,0
51019113_bf85ab7b,51019113.java,bf85ab7b.java,0.3197,1.0,0.5238,0,conplag,True,True,0,0,0
4e28b45e_fc1771af,4e28b45e.java,fc1771af.java,0.3331,1.0,0.5332,0,conplag,True,True,0,0,0
089b7f00_fb20d298,089b7f00.java,fb20d298.java,0.3441,1.0,0.5409,1,conplag,True,True,0,0,0
0df4050e_d9199dfd,0df4050e.java,d9199dfd.java,0.357,1.0,0.5499,1,conplag,True,True,0,0,0
55ab9b5d_ae4d5b49,55ab9b5d.java,ae4d5b49.java,0.3648,1.0,0.5554,0,conplag,True,True,0,0,0
c01_orig_L6v06,original.java,compared.java,0.3837,1.0,0.5686,1,ir_plag,True,True,0,0,0
2c7a0000_4201fdf7,2c7a0000.java,4201fdf7.java,0.3576,1.0,0.5503,1,conplag,True,True,0,0,0
29cf2e70_72d9eb5b,29cf2e70.java,72d9eb5b.java,1.0,1.0,1.0,1,conplag,True,True,0,0,0
26e699de_e99c14b9,26e699de.java,e99c14b9.java,0.4505,1.0,0.6154,0,conplag,True,True,0,0,0
0951d079_71a4f6d2,0951d079.java,71a4f6d2.java,0.2315,1.0,0.462,1,conplag,True,True,0,0,0
8a39dbf5_ff3283cf,8a39dbf5.java,ff3283cf.java,1.0,1.0,1.0,1,conplag,True,True,0,0,0
2bda1866_e4ab72e5,2bda1866.java,e4ab72e5.java,0.3893,1.0,0.5725,0,conplag,True,True,0,0,0
317a209c_3e6def38,317a209c.java,3e6def38.java,1.0,1.0,1.0,1,conplag,True,True,0,0,0
c06_orig_L2v06,original.java,compared.java,1.0,1.0,1.0,1,ir_plag,True,True,0,0,0
9291ca83_d61f51c5,9291ca83.java,d61f51c5.java,0.5215,1.0,0.665,0,conplag,True,True,0,0,0
c02_orig_L3v09,original.java,compared.java,0.5698,1.0,0.6989,1,ir_plag,True,True,0,0,0
5a81e159_d82fa7e3,5a81e159.java,d82fa7e3.java,0.5141,1.0,0.6598,0,conplag,True,True,0,0,0
38601291_3bcd2014,38601291.java,3bcd2014.java,0.3937,1.0,0.5756,0,conplag,True,True,0,0,0
d9199dfd_ff1fc018,d9199dfd.java,ff1fc018.java,0.3537,1.0,0.5476,0,conplag,True,True,0,0,0
c03_orig_L1v01,original.java,compared.java,1.0,1.0,1.0,1,ir_plag,True,True,0,0,0
c01_orig_L4v04,original.java,compared.java,0.4458,1.0,0.6121,1,ir_plag,True,True,0,0,0
3951966f_9bc690ef,3951966f.java,9bc690ef.java,0.4234,1.0,0.5964,0,conplag,True,True,0,0,0
c05_orig_L2v02,original.java,compared.java,1.0,1.0,1.0,1,ir_plag,True,True,0,0,0
c4ca2ff3_d83f74f7,c4ca2ff3.java,d83f74f7.java,0.4673,1.0,0.6271,0,conplag,True,True,0,0,0
3afcc566_fcc7e8fa,3afcc566.java,fcc7e8fa.java,0.329,1.0,0.5303,0,conplag,True,True,0,0,0
00af3420_5449d33c,00af3420.java,5449d33c.java,0.4852,1.0,0.6397,0,conplag,True,True,0,0,0
8be61667_ca3128ab,8be61667.java,ca3128ab.java,0.4135,1.0,0.5895,0,conplag,True,True,0,0,0
0951d079_0ecf356d,0951d079.java,0ecf356d.java,0.4222,1.0,0.5955,1,conplag,True,True,0,0,0
c02_orig_L2v07,original.java,compared.java,1.0,1.0,1.0,1,ir_plag,True,True,0,0,0
c04_orig_np05,original.java,compared.java,0.1904,1.0,0.4333,0,ir_plag,True,True,0,0,0
c01_orig_L3v03,original.java,compared.java,0.9918,1.0,0.9943,1,ir_plag,True,True,0,0,0
8782922d_f5f97f19,8782922d.java,f5f97f19.java,0.3703,1.0,0.5592,0,conplag,True,True,0,0,0
3380fa52_48993e07,3380fa52.java,48993e07.java,0.3178,1.0,0.5224,1,conplag,True,True,0,0,0
c01_orig_L2v02,original.java,compared.java,1.0,1.0,1.0,1,ir_plag,True,True,0,0,0
80881cae_ad4c7a20,80881cae.java,ad4c7a20.java,0.3658,1.0,0.556,1,conplag,True,True,0,0,0
3380fa52_f28b8cb4,3380fa52.java,f28b8cb4.java,0.3495,1.0,0.5447,1,conplag,True,True,0,0,0
c01_orig_np11,original.java,compared.java,0.3387,1.0,0.5371,0,ir_plag,True,True,0,0,0
51d88c51_c2b7b017,51d88c51.java,c2b7b017.java,0.3902,1.0,0.5731,1,conplag,True,True,0,0,0
c01_orig_np06,original.java,compared.java,0.3387,1.0,0.5371,0,ir_plag,True,True,0,0,0
3d06b643_930dd1f1,3d06b643.java,930dd1f1.java,0.4068,1.0,0.5848,0,conplag,True,True,0,0,0
927384f2_d4779c71,927384f2.java,d4779c71.java,0.3562,1.0,0.5493,0,conplag,True,True,0,0,0
c05_orig_L4v04,original.java,compared.java,0.3666,1.0,0.5566,1,ir_plag,True,True,0,0,0
c02_orig_L2v03,original.java,compared.java,1.0,1.0,1.0,1,ir_plag,True,True,0,0,0
6d55e68b_d8a171a3,6d55e68b.java,d8a171a3.java,0.3617,1.0,0.5532,0,conplag,True,True,0,0,0
00c0b82a_1ea771ea,00c0b82a.java,1ea771ea.java,0.2994,1.0,0.5096,0,conplag,True,True,0,0,0
5b9a0551_db1ef8b3,5b9a0551.java,db1ef8b3.java,0.4204,1.0,0.5943,0,conplag,True,True,0,0,0
01c915a2_480de7be,01c915a2.java,480de7be.java,0.3479,1.0,0.5436,0,conplag,True,True,0,0,0
45b19e51_f9adc043,45b19e51.java,f9adc043.java,0.4781,1.0,0.6347,0,conplag,True,True,0,0,0
c07_orig_L1v07,original.java,compared.java,1.0,1.0,1.0,1,ir_plag,True,True,0,0,0
2db37cb1_875ed4c8,2db37cb1.java,875ed4c8.java,0.4609,1.0,0.6226,0,conplag,True,True,0,0,0
c04_orig_L3v07,original.java,compared.java,0.4606,1.0,0.6224,1,ir_plag,True,True,0,0,0
4552d8a0_ec4c7e8e,4552d8a0.java,ec4c7e8e.java,0.3779,1.0,0.5646,0,conplag,True,True,0,0,0
c04_orig_L2v09,original.java,compared.java,1.0,1.0,1.0,1,ir_plag,True,True,0,0,0
a0b406e6_c9b4bb51,a0b406e6.java,c9b4bb51.java,0.4628,1.0,0.6239,0,conplag,True,True,0,0,0
6f02c6d9_d3a96420,6f02c6d9.java,d3a96420.java,0.3781,1.0,0.5647,0,conplag,True,True,0,0,0
949502c2_9fc811f7,949502c2.java,9fc811f7.java,0.4876,1.0,0.6413,1,conplag,True,True,0,0,0
10584086_f229aa7f,10584086.java,f229aa7f.java,0.3796,1.0,0.5657,0,conplag,True,True,0,0,0
c9159d9c_d3a96420,c9159d9c.java,d3a96420.java,0.44,1.0,0.608,0,conplag,True,True,0,0,0
8639f6c6_e18ae6a1,8639f6c6.java,e18ae6a1.java,0.341,1.0,0.5387,0,conplag,True,True,0,0,0
c04_orig_L5v02,original.java,compared.java,0.5372,1.0,0.676,1,ir_plag,True,True,0,0,0
c07_orig_L4v04,original.java,compared.java,0.423,1.0,0.5961,1,ir_plag,True,True,0,0,0
3e6def38_e7dce35b,3e6def38.java,e7dce35b.java,0.5037,1.0,0.6526,1,conplag,True,True,0,0,0
11c2ab99_e6a6e318,11c2ab99.java,e6a6e318.java,0.3318,1.0,0.5323,1,conplag,True,True,0,0,0
ca3128ab_e270e909,ca3128ab.java,e270e909.java,0.3994,1.0,0.5796,0,conplag,True,True,0,0,0
141effef_9cea10af,141effef.java,9cea10af.java,0.3501,1.0,0.5451,0,conplag,True,True,0,0,0
26e699de_f229aa7f,26e699de.java,f229aa7f.java,0.3348,1.0,0.5344,0,conplag,True,True,0,0,0
9862c742_d9199dfd,9862c742.java,d9199dfd.java,0.3243,1.0,0.527,0,conplag,True,True,0,0,0
aa4b840f_e99c14b9,aa4b840f.java,e99c14b9.java,0.4676,1.0,0.6273,0,conplag,True,True,0,0,0
c02_orig_L5v04,original.java,compared.java,0.3853,1.0,0.5697,1,ir_plag,True,True,0,0,0
c07_orig_L4v07,original.java,compared.java,0.6732,1.0,0.7712,1,ir_plag,True,True,0,0,0
8f6421f3_ea2fc2bc,8f6421f3.java,ea2fc2bc.java,0.3829,1.0,0.568,1,conplag,True,True,0,0,0
085ddefc_1500a4fa,085ddefc.java,1500a4fa.java,0.37,1.0,0.559,0,conplag,True,True,0,0,0
c06_orig_L1v03,original.java,compared.java,1.0,1.0,1.0,1,ir_plag,True,True,0,0,0
8f6421f3_bdfe8110,8f6421f3.java,bdfe8110.java,0.3032,1.0,0.5123,1,conplag,True,True,0,0,0
c06_orig_L2v01,original.java,compared.java,1.0,1.0,1.0,1,ir_plag,True,True,0,0,0
4e9c4bf9_7011024d,4e9c4bf9.java,7011024d.java,0.4037,1.0,0.5826,0,conplag,True,True,0,0,0
c06_orig_L6v01,original.java,compared.java,0.3742,1.0,0.5619,1,ir_plag,True,True,0,0,0
c04_orig_L2v05,original.java,compared.java,0.3193,1.0,0.5235,1,ir_plag,True,True,0,0,0
46e9aed4_7011024d,46e9aed4.java,7011024d.java,0.3808,1.0,0.5666,0,conplag,True,True,0,0,0
c05_orig_L3v07,original.java,compared.java,0.4567,1.0,0.6197,1,ir_plag,True,True,0,0,0
c04_orig_L1v08,original.java,compared.java,1.0,1.0,1.0,1,ir_plag,True,True,0,0,0
c03_orig_L3v01,original.java,compared.java,0.456,1.0,0.6192,1,ir_plag,True,True,0,0,0
0922b7e7_d1cd194e,0922b7e7.java,d1cd194e.java,0.3798,1.0,0.5659,0,conplag,True,True,0,0,0
c03_orig_L5v02,original.java,compared.java,0.338,1.0,0.5366,1,ir_plag,True,True,0,0,0
339fdc7f_6be4dcef,339fdc7f.java,6be4dcef.java,0.4745,1.0,0.6321,0,conplag,True,True,0,0,0
67241a76_8a39dbf5,67241a76.java,8a39dbf5.java,0.2771,1.0,0.494,0,conplag,True,True,0,0,0
0d4d22e0_d20e861b,0d4d22e0.java,d20e861b.java,0.2068,1.0,0.4448,0,conplag,True,True,0,0,0
3d06b643_db7f80a5,3d06b643.java,db7f80a5.java,0.3007,0.0,0.2105,1,conplag,True,False,0,0,0
c01_orig_L1v04,original.java,compared.java,1.0,1.0,1.0,1,ir_plag,True,True,0,0,0
3380fa52_8a39dbf5,3380fa52.java,8a39dbf5.java,0.291,1.0,0.5037,0,conplag,True,True,0,0,0
ae4d5b49_f665e87b,ae4d5b49.java,f665e87b.java,0.2484,1.0,0.4738,0,conplag,True,True,0,0,0
31cdf5fe_f0801d53,31cdf5fe.java,f0801d53.java,0.3476,1.0,0.5433,0,conplag,True,True,0,0,0
8f31b279_d2f74dfc,8f31b279.java,d2f74dfc.java,0.3585,1.0,0.551,0,conplag,True,True,0,0,0
480de7be_f4757480,480de7be.java,f4757480.java,0.4942,1.0,0.6459,1,conplag,True,True,0,0,0
c06_orig_L4v09,original.java,compared.java,0.4836,1.0,0.6385,1,ir_plag,True,True,0,0,0
30e0cc81_b55888de,30e0cc81.java,b55888de.java,0.4139,1.0,0.5897,0,conplag,True,True,0,0,0
54d7c21e_a7e7f371,54d7c21e.java,a7e7f371.java,0.853,1.0,0.8971,1,conplag,True,True,0,0,0
29cf2e70_584b0e9e,29cf2e70.java,584b0e9e.java,0.2715,1.0,0.4901,1,conplag,True,True,0,0,0
1dab88fb_f59d9b6e,1dab88fb.java,f59d9b6e.java,0.5016,1.0,0.6511,1,conplag,True,True,0,0,0
4eac0eea_f4d6d28d,4eac0eea.java,f4d6d28d.java,1.0,1.0,1.0,1,conplag,True,True,0,0,0
bd65846f_d018b49f,bd65846f.java,d018b49f.java,0.3256,1.0,0.5279,0,conplag,True,True,0,0,0
3e6def38_548ffb07,3e6def38.java,548ffb07.java,0.6952,1.0,0.7866,1,conplag,True,True,0,0,0
0cedec8a_ac8acb97,0cedec8a.java,ac8acb97.java,0.3328,1.0,0.5329,1,conplag,True,True,0,0,0
5c54f087_c6c7fa0c,5c54f087.java,c6c7fa0c.java,0.3796,1.0,0.5657,0,conplag,True,True,0,0,0
0ecf356d_71a4f6d2,0ecf356d.java,71a4f6d2.java,0.1793,1.0,0.4255,1,conplag,True,True,0,0,0
3a12e509_fae0662f,3a12e509.java,fae0662f.java,0.4564,1.0,0.6195,0,conplag,True,True,0,0,0
c04_orig_L6v07,original.java,compared.java,0.4242,1.0,0.5969,1,ir_plag,True,True,0,0,0
829d2024_9852706b,829d2024.java,9852706b.java,0.4687,1.0,0.6281,1,conplag,True,True,0,0,0
80881cae_9555b9d1,80881cae.java,9555b9d1.java,0.3329,1.0,0.533,0,conplag,True,True,0,0,0
3f939694_54488276,3f939694.java,54488276.java,0.3981,1.0,0.5787,0,conplag,True,True,0,0,0
c02_orig_L6v06,original.java,compared.java,0.4897,1.0,0.6428,1,ir_plag,True,True,0,0,0
643e22cc_bd7281dc,643e22cc.java,bd7281dc.java,0.338,1.0,0.5366,0,conplag,True,True,0,0,0
c04_orig_L3v02,original.java,compared.java,0.4265,1.0,0.5986,1,ir_plag,True,True,0,0,0
1480a727_a7d1ce58,1480a727.java,a7d1ce58.java,0.3933,1.0,0.5753,1,conplag,True,True,0,0,0
45e38fad_5be7547e,45e38fad.java,5be7547e.java,0.472,1.0,0.6304,0,conplag,True,True,0,0,0
71c7ac71_bdfe8110,71c7ac71.java,bdfe8110.java,0.3397,1.0,0.5378,0,conplag,True,True,0,0,0
5ee4d2f9_b38468e8,5ee4d2f9.java,b38468e8.java,0.1742,1.0,0.422,0,conplag,True,True,0,0,0
3d06b643_cb87df79,3d06b643.java,cb87df79.java,0.3411,1.0,0.5388,1,conplag,True,True,0,0,0
722e318f_b790ef12,722e318f.java,b790ef12.java,0.2258,1.0,0.458,1,conplag,True,True,0,0,0
c03_orig_L4v07,original.java,compared.java,0.4281,1.0,0.5996,1,ir_plag,True,True,0,0,0
8a39dbf5_e1a5831a,8a39dbf5.java,e1a5831a.java,0.3205,1.0,0.5243,0,conplag,True,True,0,0,0
529d9642_8ad1ad84,529d9642.java,8ad1ad84.java,0.4166,1.0,0.5916,0,conplag,True,True,0,0,0
c03_orig_L6v05,original.java,compared.java,0.3498,1.0,0.5448,1,ir_plag,True,True,0,0,0
a6520606_fb05904c,a6520606.java,fb05904c.java,0.3948,1.0,0.5764,0,conplag,True,True,0,0,0
1a31f5cb_dc575a6c,1a31f5cb.java,dc575a6c.java,0.459,1.0,0.6213,0,conplag,True,True,0,0,0
48c5f745_4d25818e,48c5f745.java,4d25818e.java,0.3317,1.0,0.5322,1,conplag,True,True,0,0,0
71e0f2e5_b226c49a,71e0f2e5.java,b226c49a.java,0.5379,1.0,0.6765,0,conplag,True,True,0,0,0
2af19170_ac8ef97c,2af19170.java,ac8ef97c.java,0.3851,1.0,0.5695,0,conplag,True,True,0,0,0
c07_orig_L5v01,original.java,compared.java,0.4108,1.0,0.5876,1,ir_plag,True,True,0,0,0
764484c3_9028caf7,764484c3.java,9028caf7.java,0.461,1.0,0.6227,0,conplag,True,True,0,0,0
0c1143f7_960a4c0f,0c1143f7.java,960a4c0f.java,0.2722,1.0,0.4905,0,conplag,True,True,0,0,0
8e990c75_d9f6c257,8e990c75.java,d9f6c257.java,0.2949,1.0,0.5064,0,conplag,True,True,0,0,0
c06_orig_L4v06,original.java,compared.java,0.3097,1.0,0.5168,1,ir_plag,True,True,0,0,0
163d0dde_f87eb1b3,163d0dde.java,f87eb1b3.java,0.4374,1.0,0.6061,0,conplag,True,True,0,0,0
66e74577_6e207cbf,66e74577.java,6e207cbf.java,0.43,1.0,0.601,0,conplag,True,True,0,0,0
c04_orig_L6v03,original.java,compared.java,0.3209,1.0,0.5247,1,ir_plag,True,True,0,0,0
29cf2e70_b2001d68,29cf2e70.java,b2001d68.java,0.469,1.0,0.6283,1,conplag,True,True,0,0,0
3e93b259_a60fba84,3e93b259.java,a60fba84.java,0.2997,1.0,0.5098,1,conplag,True,True,0,0,0
23194f89_bcc5473d,23194f89.java,bcc5473d.java,0.2612,1.0,0.4828,0,conplag,True,True,0,0,0
0c9d4def_f665e87b,0c9d4def.java,f665e87b.java,0.4157,1.0,0.591,0,conplag,True,True,0,0,0
3e93b259_e431de28,3e93b259.java,e431de28.java,0.51,1.0,0.657,0,conplag,True,True,0,0,0
49b94994_d8654140,49b94994.java,d8654140.java,0.2664,1.0,0.4865,0,conplag,True,True,0,0,0
9ab3c0e1_d5fa4746,9ab3c0e1.java,d5fa4746.java,0.6443,1.0,0.751,1,conplag,True,True,0,0,0
11c2ab99_bdfe8110,11c2ab99.java,bdfe8110.java,1.0,1.0,1.0,1,conplag,True,True,0,0,0
116765b1_38601291,116765b1.java,38601291.java,0.4491,1.0,0.6143,1,conplag,True,True,0,0,0
45f5632f_5dc1f7b3,45f5632f.java,5dc1f7b3.java,0.301,1.0,0.5107,0,conplag,True,True,0,0,0
734a94be_cb87df79,734a94be.java,cb87df79.java,0.4424,1.0,0.6097,1,conplag,True,True,0,0,0
90f01508_ec8566b8,90f01508.java,ec8566b8.java,0.427,1.0,0.5989,0,conplag,True,True,0,0,0
0f3a2acf_16e6d8bb,0f3a2acf.java,16e6d8bb.java,0.3752,1.0,0.5626,1,conplag,True,True,0,0,0
4552d8a0_d3a96420,4552d8a0.java,d3a96420.java,0.3864,1.0,0.5705,0,conplag,True,True,0,0,0
0b27be88_3f4a5b64,0b27be88.java,3f4a5b64.java,1.0,1.0,1.0,1,conplag,True,True,0,0,0
316c9955_e7370eec,316c9955.java,e7370eec.java,0.3583,1.0,0.5508,0,conplag,True,True,0,0,0
c07_orig_L6v06,original.java,compared.java,0.3858,1.0,0.5701,1,ir_plag,True,True,0,0,0
c04_orig_L5v04,original.java,compared.java,0.3115,1.0,0.518,1,ir_plag,True,True,0,0,0
4d279121_856a8eda,4d279121.java,856a8eda.java,0.3744,1.0,0.5621,0,conplag,True,True,0,0,0
c05_orig_L3v08,original.java,compared.java,0.5843,1.0,0.709,1,ir_plag,True,True,0,0,0
0922b7e7_c34bb733,0922b7e7.java,c34bb733.java,0.3365,1.0,0.5355,0,conplag,True,True,0,0,0
c06_orig_np05,original.java,compared.java,0.8368,1.0,0.8858,0,ir_plag,True,True,0,0,0
05ca89ed_5b9a0551,05ca89ed.java,5b9a0551.java,0.4322,1.0,0.6025,0,conplag,True,True,0,0,0
c04_orig_L2v01,original.java,compared.java,1.0,1.0,1.0,1,ir_plag,True,True,0,0,0
2722ef48_e9144440,2722ef48.java,e9144440.java,0.3762,1.0,0.5633,0,conplag,True,True,0,0,0
43ca682a_baebdc56,43ca682a.java,baebdc56.java,1.0,1.0,1.0,1,conplag,True,True,0,0,0
6815a099_f41057db,6815a099.java,f41057db.java,0.5261,1.0,0.6683,1,conplag,True,True,0,0,0
0ee2f8f1_587307f2,0ee2f8f1.java,587307f2.java,1.0,1.0,1.0,1,conplag,True,True,0,0,0
18e2441c_24b20554,18e2441c.java,24b20554.java,0.3321,1.0,0.5325,1,conplag,True,True,0,0,0
8703709f_d2901569,8703709f.java,d2901569.java,0.441,1.0,0.6087,0,conplag,True,True,0,0,0
c05_orig_L5v05,original.java,compared.java,0.3924,1.0,0.5747,1,ir_plag,True,True,0,0,0
16a2a867_3951966f,16a2a867.java,3951966f.java,0.4114,1.0,0.588,0,conplag,True,True,0,0,0
c06_orig_L5v05,original.java,compared.java,0.3459,1.0,0.5421,1,ir_plag,True,True,0,0,0
6e207cbf_dc281165,6e207cbf.java,dc281165.java,0.3035,1.0,0.5125,0,conplag,True,True,0,0,0
1dab88fb_7b5f64b7,1dab88fb.java,7b5f64b7.java,0.4066,1.0,0.5846,0,conplag,True,True,0,0,0
5af25bd7_cbbbed5f,5af25bd7.java,cbbbed5f.java,0.4547,1.0,0.6183,0,conplag,True,True,0,0,0
26e699de_402aff07,26e699de.java,402aff07.java,0.4199,1.0,0.594,0,conplag,True,True,0,0,0
35eb27da_8559d49e,35eb27da.java,8559d49e.java,0.3071,1.0,0.515,0,conplag,True,True,0,0,0
2a655afe_692a4496,2a655afe.java,692a4496.java,1.0,1.0,1.0,1,conplag,True,True,0,0,0
c05_orig_L5v03,original.java,compared.java,0.3493,1.0,0.5445,1,ir_plag,True,True,0,0,0
ad4c7a20_f8e7b886,ad4c7a20.java,f8e7b886.java,0.3839,1.0,0.5687,0,conplag,True,True,0,0,0
5d175166_d1391025,5d175166.java,d1391025.java,0.4377,1.0,0.6064,0,conplag,True,True,0,0,0
018c15bd_378bb1ca,018c15bd.java,378bb1ca.java,0.2726,1.0,0.4908,0,conplag,True,True,0,0,0
8d9871a9_e431de28,8d9871a9.java,e431de28.java,0.456,1.0,0.6192,1,conplag,True,True,0,0,0
c02_orig_L6v08,original.java,compared.java,0.3984,1.0,0.5789,1,ir_plag,True,True,0,0,0
c04_orig_np01,original.java,compared.java,0.7406,1.0,0.8184,0,ir_plag,True,True,0,0,0
169e34bf_69b8ffb2,169e34bf.java,69b8ffb2.java,0.3529,1.0,0.547,0,conplag,True,True,0,0,0
6e207cbf_76ad805a,6e207cbf.java,76ad805a.java,0.4035,1.0,0.5824,0,conplag,True,True,0,0,0
9291ca83_b185d034,9291ca83.java,b185d034.java,0.4056,1.0,0.5839,1,conplag,True,True,0,0,0
692a4496_f7006f16,692a4496.java,f7006f16.java,0.3546,1.0,0.5482,0,conplag,True,True,0,0,0
856a8eda_c354b74f,856a8eda.java,c354b74f.java,0.4158,1.0,0.5911,0,conplag,True,True,0,0,0
1dab88fb_9c55bc1b,1dab88fb.java,9c55bc1b.java,0.3843,1.0,0.569,0,conplag,True,True,0,0,0
bdf7bfb2_d92c5342,bdf7bfb2.java,d92c5342.java,0.4608,1.0,0.6225,0,conplag,True,True,0,0,0
ac121776_eb6cfca7,ac121776.java,eb6cfca7.java,0.3073,1.0,0.5151,0,conplag,True,True,0,0,0
c05_orig_L6v02,original.java,compared.java,0.4835,1.0,0.6385,1,ir_plag,True,True,0,0,0
3c667d4f_be3b1289,3c667d4f.java,be3b1289.java,0.2736,1.0,0.4915,1,conplag,True,True,0,0,0
11373c16_69b2fd22,11373c16.java,69b2fd22.java,0.4639,1.0,0.6248,0,conplag,True,True,0,0,0
32ff22fe_f0d91796,32ff22fe.java,f0d91796.java,0.2659,1.0,0.4861,0,conplag,True,True,0,0,0
94b3b86d_efe594c3,94b3b86d.java,efe594c3.java,0.4952,1.0,0.6466,0,conplag,True,True,0,0,0
11373c16_7011024d,11373c16.java,7011024d.java,0.4172,1.0,0.592,0,conplag,True,True,0,0,0
c05_orig_np10,original.java,compared.java,0.358,1.0,0.5506,0,ir_plag,True,True,0,0,0
c07_orig_np14,original.java,compared.java,0.3973,1.0,0.5781,0,ir_plag,True,True,0,0,0
018c9543_d1dbc56a,018c9543.java,d1dbc56a.java,0.4583,1.0,0.6208,0,conplag,True,True,0,0,0
c04_orig_L3v04,original.java,compared.java,0.5541,1.0,0.6879,1,ir_plag,True,True,0,0,0
c02_orig_L1v07,original.java,compared.java,1.0,1.0,1.0,1,ir_plag,True,True,0,0,0
c03_orig_np13,original.java,compared.java,0.4895,1.0,0.6426,0,ir_plag,True,True,0,0,0
2c7a0000_bd50e3fe,2c7a0000.java,bd50e3fe.java,0.3458,1.0,0.5421,1,conplag,True,True,0,0,0
c02_orig_L4v01,original.java,compared.java,0.3644,1.0,0.5551,1,ir_plag,True,True,0,0,0
343cc8e7_7f69a9e8,343cc8e7.java,7f69a9e8.java,0.2469,1.0,0.4728,0,conplag,True,True,0,0,0
1984bef1_2063ba3e,1984bef1.java,2063ba3e.java,0.3608,1.0,0.5526,0,conplag,True,True,0,0,0
a8e2cefc_ee270b2a,a8e2cefc.java,ee270b2a.java,0.3014,1.0,0.511,0,conplag,True,True,0,0,0
c02_orig_L3v08,original.java,compared.java,0.4952,1.0,0.6466,1,ir_plag,True,True,0,0,0
11d91f31_4323e2bd,11d91f31.java,4323e2bd.java,0.2989,1.0,0.5092,0,conplag,True,True,0,0,0
402aff07_f229aa7f,402aff07.java,f229aa7f.java,0.3435,1.0,0.5405,0,conplag,True,True,0,0,0
14b0fb8e_6490bbe8,14b0fb8e.java,6490bbe8.java,0.4149,1.0,0.5904,0,conplag,True,True,0,0,0
81fb6415_b3d4c5ca,81fb6415.java,b3d4c5ca.java,0.618,1.0,0.7326,0,conplag,True,True,0,0,0
72d9eb5b_884f5678,72d9eb5b.java,884f5678.java,0.4044,1.0,0.5831,0,conplag,True,True,0,0,0
c02_orig_L5v09,original.java,compared.java,0.5276,1.0,0.6693,1,ir_plag,True,True,0,0,0
c05_orig_np08,original.java,compared.java,0.333,1.0,0.5331,0,ir_plag,True,True,0,0,0
9756f13a_ea899386,9756f13a.java,ea899386.java,0.3658,1.0,0.5561,0,conplag,True,True,0,0,0
1dab88fb_a6229ee9,1dab88fb.java,a6229ee9.java,0.3378,1.0,0.5365,0,conplag,True,True,0,0,0
c07_orig_L5v08,original.java,compared.java,0.4823,1.0,0.6376,1,ir_plag,True,True,0,0,0
a7894e0b_fadc1365,a7894e0b.java,fadc1365.java,0.2464,1.0,0.4724,1,conplag,True,True,0,0,0
9028caf7_e6b7a899,9028caf7.java,e6b7a899.java,0.272,1.0,0.4904,0,conplag,True,True,0,0,0
c07_orig_np02,original.java,compared.java,0.9101,1.0,0.937,0,ir_plag,True,True,0,0,0
63bfa731_9fc811f7,63bfa731.java,9fc811f7.java,0.4097,1.0,0.5868,1,conplag,True,True,0,0,0
c06_orig_np03,original.java,compared.java,0.8708,1.0,0.9096,0,ir_plag,True,True,0,0,0
c03_orig_L3v04,original.java,compared.java,0.3947,1.0,0.5763,1,ir_plag,True,True,0,0,0
c03_orig_np06,original.java,compared.java,0.9853,1.0,0.9897,0,ir_plag,True,True,0,0,0
0588b869_9028caf7,0588b869.java,9028caf7.java,0.3907,1.0,0.5735,0,conplag,True,True,0,0,0
2bbf754b_69b8ffb2,2bbf754b.java,69b8ffb2.java,0.3421,1.0,0.5395,0,conplag,True,True,0,0,0
c03_orig_L4v06,original.java,compared.java,0.4258,1.0,0.5981,1,ir_plag,True,True,0,0,0
5a81e159_866a2d52,5a81e159.java,866a2d52.java,0.3615,1.0,0.5531,0,conplag,True,True,0,0,0
c06_orig_L1v01,original.java,compared.java,1.0,1.0,1.0,1,ir_plag,True,True,0,0,0
11c2ab99_28c2d81a,11c2ab99.java,28c2d81a.java,0.2867,1.0,0.5007,1,conplag,True,True,0,0,0
c05_orig_np14,original.java,compared.java,0.3438,1.0,0.5407,0,ir_plag,True,True,0,0,0
27ec4acc_ddcadc64,27ec4acc.java,ddcadc64.java,0.2123,1.0,0.4486,0,conplag,True,True,0,0,0
69b8ffb2_c9159d9c,69b8ffb2.java,c9159d9c.java,0.3578,1.0,0.5504,0,conplag,True,True,0,0,0
4303de0d_c9a316ca,4303de0d.java,c9a316ca.java,0.3308,1.0,0.5316,0,conplag,True,True,0,0,0
464a03b8_cf27732e,464a03b8.java,cf27732e.java,0.3233,1.0,0.5263,0,conplag,True,True,0,0,0
c01_orig_L6v05,original.java,compared.java,0.2204,1.0,0.4543,1,ir_plag,True,True,0,0,0
26e699de_fcc7e8fa,26e699de.java,fcc7e8fa.java,0.2938,1.0,0.5056,0,conplag,True,True,0,0,0
c03_orig_L3v02,original.java,compared.java,0.9659,1.0,0.9761,1,ir_plag,True,True,0,0,0
7011024d_eea69e7f,7011024d.java,eea69e7f.java,0.4783,1.0,0.6348,0,conplag,True,True,0,0,0
74f4382e_bd584714,74f4382e.java,bd584714.java,0.3227,1.0,0.5259,0,conplag,True,True,0,0,0
1a6f8b20_77448a05,1a6f8b20.java,77448a05.java,0.4023,1.0,0.5816,0,conplag,True,True,0,0,0
8b490132_db09b3f9,8b490132.java,db09b3f9.java,1.0,1.0,1.0,1,conplag,True,True,0,0,0
2bbc6c80_4e58558c,2bbc6c80.java,4e58558c.java,1.0,1.0,1.0,1,conplag,True,True,0,0,0
c05_orig_L5v08,original.java,compared.java,0.4305,1.0,0.6014,1,ir_plag,True,True,0,0,0
c02_orig_L3v02,original.java,compared.java,0.5318,1.0,0.6723,1,ir_plag,True,True,0,0,0
c03_orig_L2v07,original.java,compared.java,1.0,1.0,1.0,1,ir_plag,True,True,0,0,0
b5da712b_dd994c01,b5da712b.java,dd994c01.java,0.4005,1.0,0.5803,0,conplag,True,True,0,0,0
90f01508_e00b1794,90f01508.java,e00b1794.java,0.4219,1.0,0.5953,0,conplag,True,True,0,0,0
354d060f_e1c4f3db,354d060f.java,e1c4f3db.java,0.363,1.0,0.5541,0,conplag,True,True,0,0,0
b08b1c3c_d92b4600,b08b1c3c.java,d92b4600.java,0.2088,1.0,0.4462,0,conplag,True,True,0,0,0
07043d35_97a7fab5,07043d35.java,97a7fab5.java,0.3505,1.0,0.5453,0,conplag,True,True,0,0,0
4e28b45e_d7a8434f,4e28b45e.java,d7a8434f.java,1.0,1.0,1.0,1,conplag,True,True,0,0,0
9d1bfd29_fe07e031,9d1bfd29.java,fe07e031.java,0.3621,1.0,0.5535,0,conplag,True,True,0,0,0
c07_orig_L5v06,original.java,compared.java,0.3721,1.0,0.5604,1,ir_plag,True,True,0,0,0
b2590225_fdcbdf85,b2590225.java,fdcbdf85.java,0.4692,1.0,0.6284,0,conplag,True,True,0,0,0
584b0e9e_722e318f,584b0e9e.java,722e318f.java,0.3909,1.0,0.5736,0,conplag,True,True,0,0,0
c05_orig_np06,original.java,compared.java,0.4233,1.0,0.5963,0,ir_plag,True,True,0,0,0
21c9b214_d5a20936,21c9b214.java,d5a20936.java,0.6009,1.0,0.7206,1,conplag,True,True,0,0,0
11c2ab99_8f6421f3,11c2ab99.java,8f6421f3.java,0.3032,1.0,0.5123,1,conplag,True,True,0,0,0
3b498a39_69b2fd22,3b498a39.java,69b2fd22.java,0.3969,1.0,0.5778,0,conplag,True,True,0,0,0
c02_orig_L2v09,original.java,compared.java,0.641,1.0,0.7487,1,ir_plag,True,True,0,0,0
c06_orig_L1v06,original.java,compared.java,1.0,1.0,1.0,1,ir_plag,True,True,0,0,0
c02_orig_np14,original.java,compared.java,0.3583,1.0,0.5508,0,ir_plag,True,True,0,0,0
cdb801a1_e14d1ba0,cdb801a1.java,e14d1ba0.java,0.285,1.0,0.4995,0,conplag,True,True,0,0,0
00f79486_fb312dc6,00f79486.java,fb312dc6.java,0.246,1.0,0.4722,0,conplag,True,True,0,0,0
ae6567fb_d22a53cd,ae6567fb.java,d22a53cd.java,0.3247,1.0,0.5273,0,conplag,True,True,0,0,0
953ac418_ba9b94f7,953ac418.java,ba9b94f7.java,0.4351,1.0,0.6046,0,conplag,True,True,0,0,0
2bbf754b_9862c742,2bbf754b.java,9862c742.java,0.6692,1.0,0.7684,0,conplag,True,True,0,0,0
c07_orig_L5v03,original.java,compared.java,0.8595,1.0,0.9016,1,ir_plag,True,True,0,0,0
1be078c4_7ae0cb0d,1be078c4.java,7ae0cb0d.java,0.3801,1.0,0.5661,0,conplag,True,True,0,0,0
3dd65549_f229aa7f,3dd65549.java,f229aa7f.java,0.3604,1.0,0.5523,0,conplag,True,True,0,0,0
99bc7da3_ced4639e,99bc7da3.java,ced4639e.java,0.3696,1.0,0.5587,0,conplag,True,True,0,0,0
3e1442a3_d0e27497,3e1442a3.java,d0e27497.java,0.3422,1.0,0.5396,0,conplag,True,True,0,0,0
c06_orig_L5v06,original.java,compared.java,0.2931,1.0,0.5052,1,ir_plag,True,True,0,0,0
c07_orig_np07,original.java,compared.java,0.4348,1.0,0.6044,0,ir_plag,True,True,0,0,0
c01_orig_L5v01,original.java,compared.java,0.2219,1.0,0.4554,1,ir_plag,True,True,0,0,0
1dab88fb_4138b081,1dab88fb.java,4138b081.java,0.386,1.0,0.5702,0,conplag,True,True,0,0,0
c4ca2ff3_d6fb3b9e,c4ca2ff3.java,d6fb3b9e.java,0.4663,1.0,0.6264,0,conplag,True,True,0,0,0
c07_orig_L1v04,original.java,compared.java,0.9199,1.0,0.9439,1,ir_plag,True,True,0,0,0
c03_orig_L2v08,original.java,compared.java,1.0,1.0,1.0,1,ir_plag,True,True,0,0,0
0f6ca337_6843cc19,0f6ca337.java,6843cc19.java,1.0,1.0,1.0,1,conplag,True,True,0,0,0
2120328e_6de04ee2,2120328e.java,6de04ee2.java,0.2847,1.0,0.4993,1,conplag,True,True,0,0,0
6b83b22e_c59194c7,6b83b22e.java,c59194c7.java,0.1687,1.0,0.4181,0,conplag,True,True,0,0,0
7c11511f_ca8f11a4,7c11511f.java,ca8f11a4.java,0.3041,1.0,0.5129,1,conplag,True,True,0,0,0
213340b3_870e16d9,213340b3.java,870e16d9.java,0.4219,1.0,0.5953,0,conplag,True,True,0,0,0
5e8d1aaa_c4d04ce7,5e8d1aaa.java,c4d04ce7.java,0.9776,1.0,0.9843,1,conplag,True,True,0,0,0
680ba922_6e207cbf,680ba922.java,6e207cbf.java,0.4394,1.0,0.6076,0,conplag,True,True,0,0,0
6825260d_c972dd00,6825260d.java,c972dd00.java,1.0,1.0,1.0,1,conplag,True,True,0,0,0
c06_orig_L4v05,original.java,compared.java,0.3556,1.0,0.5489,1,ir_plag,True,True,0,0,0
b2590225_f7fc2e94,b2590225.java,f7fc2e94.java,0.3602,1.0,0.5521,0,conplag,True,True,0,0,0
42fe7dd0_c4ca2ff3,42fe7dd0.java,c4ca2ff3.java,0.4876,1.0,0.6413,1,conplag,True,True,0,0,0
ba468e1f_fb312dc6,ba468e1f.java,fb312dc6.java,0.3493,1.0,0.5445,0,conplag,True,True,0,0,0
9f354c5c_cb032314,9f354c5c.java,cb032314.java,0.3745,1.0,0.5622,0,conplag,True,True,0,0,0
c03_orig_L5v05,original.java,compared.java,0.3508,1.0,0.5455,1,ir_plag,True,True,0,0,0
22b41936_9cea10af,22b41936.java,9cea10af.java,0.4214,1.0,0.595,1,conplag,True,True,0,0,0
c1fef98f_f870e76b,c1fef98f.java,f870e76b.java,0.243,1.0,0.4701,0,conplag,True,True,0,0,0
4851a411_e201bc2e,4851a411.java,e201bc2e.java,0.3077,1.0,0.5154,0,conplag,True,True,0,0,0
35857a5a_ab7507bf,35857a5a.java,ab7507bf.java,0.4471,1.0,0.613,0,conplag,True,True,0,0,0
5766f176_e7a997b5,5766f176.java,e7a997b5.java,0.4344,1.0,0.6041,0,conplag,True,True,0,0,0
c03_orig_np09,original.java,compared.java,0.9732,1.0,0.9813,0,ir_plag,True,True,0,0,0
1410e423_e90a198b,1410e423.java,e90a198b.java,0.3261,1.0,0.5283,0,conplag,True,True,0,0,0
1097b326_b45d28b2,1097b326.java,b45d28b2.java,0.3892,1.0,0.5724,0,conplag,True,True,0,0,0
3088ca9c_7a9c69d8,3088ca9c.java,7a9c69d8.java,0.5469,1.0,0.6828,1,conplag,True,True,0,0,0
18d20d2e_d8a171a3,18d20d2e.java,d8a171a3.java,0.4186,1.0,0.593,0,conplag,True,True,0,0,0
c04_orig_L4v07,original.java,compared.java,0.4414,1.0,0.609,1,ir_plag,True,True,0,0,0
c04_orig_np11,original.java,compared.java,0.268,1.0,0.4876,0,ir_plag,True,True,0,0,0
c05_orig_L1v07,original.java,compared.java,1.0,1.0,1.0,1,ir_plag,True,True,0,0,0
46e9aed4_ee4f7b06,46e9aed4.java,ee4f7b06.java,0.3342,1.0,0.534,0,conplag,True,True,0,0,0
c04_orig_L2v03,original.java,compared.java,1.0,1.0,1.0,1,ir_plag,True,True,0,0,0
c06_orig_L5v03,original.java,compared.java,0.5889,1.0,0.7122,1,ir_plag,True,True,0,0,0
c06_orig_L3v07,original.java,compared.java,0.6272,1.0,0.739,1,ir_plag,True,True,0,0,0
5b9a0551_9debf95c,5b9a0551.java,9debf95c.java,0.2065,1.0,0.4446,0,conplag,True,True,0,0,0
63a24497_6e5ab1d2,63a24497.java,6e5ab1d2.java,0.3537,1.0,0.5476,1,conplag,True,True,0,0,0
69b2fd22_7bc92b7f,69b2fd22.java,7bc92b7f.java,0.4651,1.0,0.6256,0,conplag,True,True,0,0,0
8c011cb9_e0f6aad6,8c011cb9.java,e0f6aad6.java,0.2094,1.0,0.4466,0,conplag,True,True,0,0,0
0c00d532_521c5645,0c00d532.java,521c5645.java,0.237,1.0,0.4659,0,conplag,True,True,0,0,0
5e3089fa_aea245ba,5e3089fa.java,aea245ba.java,0.4044,1.0,0.5831,0,conplag,True,True,0,0,0
c05_orig_L1v05,original.java,compared.java,0.6321,1.0,0.7425,1,ir_plag,True,True,0,0,0
ca8f11a4_e185bce5,ca8f11a4.java,e185bce5.java,0.3528,1.0,0.547,0,conplag,True,True,0,0,0
c05_orig_L2v03,original.java,compared.java,1.0,1.0,1.0,1,ir_plag,True,True,0,0,0
6be98ece_e1c4f3db,6be98ece.java,e1c4f3db.java,0.2836,1.0,0.4985,0,conplag,True,True,0,0,0
3d245498_7838095f,3d245498.java,7838095f.java,0.9966,1.0,0.9976,1,conplag,True,True,0,0,0
c06_orig_L4v02,original.java,compared.java,0.3873,1.0,0.5711,1,ir_plag,True,True,0,0,0
6a47e491_f2cf6a74,6a47e491.java,f2cf6a74.java,0.2949,1.0,0.5064,0,conplag,True,True,0,0,0
c03_orig_L4v01,original.java,compared.java,0.3129,1.0,0.5191,1,ir_plag,True,True,0,0,0
06b9cf99_fb69b3b4,06b9cf99.java,fb69b3b4.java,0.4976,1.0,0.6483,0,conplag,True,True,0,0,0
808f7516_9ebe348d,808f7516.java,9ebe348d.java,0.2378,1.0,0.4665,0,conplag,True,True,0,0,0
c04_orig_L4v08,original.java,compared.java,0.3823,1.0,0.5676,1,ir_plag,True,True,0,0,0
565f77b7_e8006510,565f77b7.java,e8006510.java,0.4566,1.0,0.6196,0,conplag,True,True,0,0,0
c02_orig_L1v06,original.java,compared.java,1.0,1.0,1.0,1,ir_plag,True,True,0,0,0
a5d5a95f_ab7507bf,a5d5a95f.java,ab7507bf.java,0.4755,1.0,0.6329,0,conplag,True,True,0,0,0
c07_orig_np10,original.java,compared.java,0.4092,1.0,0.5864,0,ir_plag,True,True,0,0,0
2a35cd81_97a7fab5,2a35cd81.java,97a7fab5.java,0.347,1.0,0.5429,0,conplag,True,True,0,0,0
c05_orig_np02,original.java,compared.java,0.3827,1.0,0.5679,0,ir_plag,True,True,0,0,0
c04_orig_L1v02,original.java,compared.java,1.0,1.0,1.0,1,ir_plag,True,True,0,0,0
c03_orig_L4v02,original.java,compared.java,0.3658,1.0,0.5561,1,ir_plag,True,True,0,0,0
1ea771ea_ee270b2a,1ea771ea.java,ee270b2a.java,0.3054,1.0,0.5138,1,conplag,True,True,0,0,0
08b9908d_f5fb1b62,08b9908d.java,f5fb1b62.java,0.2264,1.0,0.4585,0,conplag,True,True,0,0,0
c02_orig_L4v07,original.java,compared.java,0.6983,1.0,0.7888,1,ir_plag,True,True,0,0,0
